movie_name,open_date,genre,rating,distributor,worldwide_gross_usd,domestic_gross_usd,foreign_gross_usd,opening_gross_usd,opening_theaters,widest_release_theaters,running_time,release_scale,chart_year,rank
Bade Miyan Chote Miyan,"Apr 10, 2024",Action|Adventure|Sci-Fi|Thriller,,Yash Raj Films USA Inc.,,,,493782,567,567,2 hr 43 min,Wide,2024,1
It's Only Life After All,"Apr 10, 2024",Documentary|Music,,Oscilloscope,,,,14150,14,98,2 hr 3 min,Limited,2024,2
SUGA: Agust D Tour 'D-DAY' the Movie,"Apr 10, 2024",Documentary|Music,,Trafalgar Releasing,,,,990881,787,787,1 hr 24 min,Limited,2024,3
Arcadian,"Apr 12, 2024",Action|Drama|Horror|Sci-Fi|Thriller,R,RLJ Entertainment,,,,504937,1100,1100,1 hr 32 min,Wide,2024,4
Civil War,"Apr 12, 2024",Action|Thriller|War,R,A24,,,,25537368,3838,3929,1 hr 49 min,Wide,2024,5
Don't Tell Mom the Babysitter's Dead,"Apr 12, 2024",Comedy,R,,,,,,,,1 hr 39 min,Wide,2024,6
Escape from Germany,"Apr 12, 2024",Drama|History|War,PG,Susan Tuckett Media,,,,168019,40,131,1 hr 37 min,Limited,2024,7
"Food, Inc. 2","Apr 12, 2024",Documentary|News,,Magnolia Pictures,,,,23697,129,129,1 hr 34 min,Limited,2024,8
"LaRoy, Texas","Apr 12, 2024",Comedy|Crime|Thriller|Western,,Brainstorm Media,,,,,,,1 hr 52 min,Limited,2024,9
Lost Angel: The Genius of Judee Sill,"Apr 12, 2024",Documentary|Music,,Greenwich Entertainment,,,,9699,6,6,1 hr 31 min,Limited,2024,10
Omen,"Apr 12, 2024",Drama,,Utopia,,,,3087,1,7,1 hr 32 min,Limited,2024,11
Sasquatch Sunset,"Apr 12, 2024",Adventure|Comedy|Drama,R,Bleecker Street Media,,,,91146,9,856,1 hr 28 min,Limited,2024,12
Shrek 2,"Apr 12, 2024",Adventure|Animation|Comedy|Family|Fantasy|Romance,PG,DreamWorks,,,,1455260,1512,1512,1 hr 33 min,Limited,2024,13
Sting,"Apr 12, 2024",Comedy|Horror|Sci-Fi|Thriller,R,Well Go USA Entertainment,,,,825797,975,975,1 hr 31 min,Wide,2024,14
The Absence of Eden,"Apr 12, 2024",Drama,R,Vertical Entertainment,,,,23912,110,110,1 hr 25 min,Limited,2024,15
The Long Game,"Apr 12, 2024",Drama|History|Sport,PG,,,,,1300398,1030,1030,1 hr 52 min,Wide,2024,16
Untitled Nicole Richie Film,"Apr 12, 2024",,,Iconic Events Releasing,,,,,,,,Limited,2024,17
Countdown to UFC 300: Pereira vs. Hill,"Apr 13, 2024",Sport,,Iconic Events Releasing,,,,,,,,Limited,2024,18
Columbia 100th Anniversary Series,"Apr 15, 2024",Action|Adventure|Comedy|Fantasy|Sci-Fi|3D IMAX,,Sony Pictures Releasing,,,,18856,466,466,17 hr 55 min,Limited,2024,19
Irena's Vow,"Apr 15, 2024",Biography|Drama|War,R,Quiver Distribution,,,,,,73,2 hr 1 min,Limited,2024,20
The Hopeful,"Apr 17, 2024",Drama,,Fathom Events,,,,3091,10,911,1 hr 30 min,Limited,2024,21
Abigail,"Apr 19, 2024",Action|Comedy|Crime|Drama|Horror|Thriller,R,Universal Pictures,,,,10297110,3384,3393,1 hr 49 min,Wide,2024,22
Blood for Dust,"Apr 19, 2024",Action|Crime|Thriller,R,The Avenue Entertainment,,,,,,,1 hr 38 min,Limited,2024,23
Egoist,"Apr 19, 2024",Drama|Romance,,Strand Releasing,,,,,,,2 hr,Limited,2024,24
Hard Miles,"Apr 19, 2024",Drama|Sport,PG-13,Blue Fox Entertainment,,,,204134,480,480,1 hr 48 min,Wide,2024,25
Rajkumar,"Apr 19, 2024",Drama|Family|Romance,,Swapna Scarecrow,,,,17000,76,76,2 hr 25 min,Limited,2024,26
Refuge,"Apr 19, 2024",Horror,R,Vertical Entertainment,,,,,,,1 hr 31 min,Limited,2024,27
Spy x Family Code: White,"Apr 19, 2024",Action|Animation|Comedy|Thriller,PG-13,Crunchyroll,,,,4824993,2009,2009,1 hr 50 min,Wide,2024,28
Stress Positions,"Apr 19, 2024",Comedy,,Neon,,,,29934,1,17,1 hr 35 min,Limited,2024,29
The Coffee Table,"Apr 19, 2024",Comedy|Drama|Horror,,Cinephobia Releasing,,,,,,,1 hr 29 min,Limited,2024,30
The Ministry of Ungentlemanly Warfare,"Apr 19, 2024",Action|Comedy|War,R,Lionsgate,,,,8913698,2845,2845,2 hr 2 min,Wide,2024,31
Villains Inc,"Apr 19, 2024",Comedy,PG-13,Purdie Distribution,,,,,,,1 hr 42 min,Limited,2024,32
We Grown Now,"Apr 19, 2024",Drama,PG,Sony Pictures Releasing,,,,35344,9,340,1 hr 33 min,Limited,2024,33
Puccini: La Rondine,"Apr 20, 2024",Musical,,Fathom Events,,,,,,,,Limited,2024,34
Aespa: World Tour in Cinemas,"Apr 24, 2024",Documentary|Music,,Trafalgar Releasing,,,,,,,2 hr 5 min,Limited,2024,35
Hereditary,"Apr 24, 2024",Drama|Horror|Mystery|Thriller,R,IMAX,,,,,,,2 hr 7 min,Limited,2024,36
Alien,"Apr 26, 2024",Horror|Sci-Fi,R,Walt Disney Studios Motion Pictures,,,,1550424,1750,1750,1 hr 57 min,Wide,2024,37
Bloodline Killer,"Apr 26, 2024",Crime|Horror|Mystery|Thriller,,Vertical Entertainment,,,,,,,1 hr 45 min,Limited,2024,38
Boy Kills World,"Apr 26, 2024",Action|Adventure|Comedy|Crime|Thriller|War,R,Roadside Attractions,,,,1682525,1993,1993,1 hr 51 min,Limited,2024,39
Breathe,"Apr 26, 2024",Action|Sci-Fi|Thriller,PG-13,Warner Bros.,,,,,,,1 hr 33 min,Limited,2024,40
Challengers,"Apr 26, 2024",Comedy|Drama|Romance|Sport,R,Amazon MGM Studios,,,,15011061,3477,3477,2 hr 11 min,Wide,2024,41
Cinderella's Revenge,"Apr 26, 2024",Drama|Fantasy|Horror|Mystery|Romance|Thriller,,Iconic Events Releasing,,,,,,,1 hr 25 min,Limited,2024,42
Humane,"Apr 26, 2024",Horror|Thriller,R,IFC Films,,,,26850,56,56,1 hr 33 min,Limited,2024,43
The Feeling That the Time for Doing Something Has Passed,"Apr 26, 2024",Comedy,,Magnolia Pictures,,,,14113,2,36,1 hr 27 min,Limited,2024,44
The Mummy,"Apr 26, 2024",Action|Adventure|Fantasy,PG-13,Universal Pictures International (UPI),,,,1026760,1236,1236,2 hr 4 min,Wide,2024,45
The Roundup: Punishment,"Apr 26, 2024",Action|Crime|Thriller,,Capelight Pictures,,,,55684,2,74,1 hr 49 min,Limited,2024,46
Unsung Hero,"Apr 26, 2024",Biography|Drama|Family,PG,Lionsgate,,,,7731539,2832,2832,1 hr 53 min,Wide,2024,47
We 12,"Apr 26, 2024",Action|Comedy|Drama,,ILLUME Films,,,,,,,1 hr 37 min,Limited,2024,48
Spirited Away,"Apr 27, 2024",Adventure|Animation|Family|Fantasy,PG,Fathom Events,,,,,,,2 hr 4 min,Wide,2024,49
Epic Tails,"Apr 5, 2024",Adventure|Animation|Comedy|Family|Fantasy,PG,Viva Pictures,,,,355088,773,773,1 hr 35 min,Limited,2024,50
Housekeeping for Beginners,"Apr 5, 2024",Comedy|Drama,R,Focus Features,,,,47225,4,251,1 hr 47 min,Limited,2024,51
Monkey Man,"Apr 5, 2024",Action|Crime|Thriller,R,Universal Pictures,,,,10119435,3029,3037,2 hr 1 min,Wide,2024,52
Parachute,"Apr 5, 2024",Comedy|Drama|Romance,,Vertical Entertainment,,,,,,,1 hr 48 min,Limited,2024,53
Someone Like You,"Apr 5, 2024",Romance,PG,Fathom Events,,,,2979692,1802,1802,1 hr 58 min,Limited,2024,54
The Beast,"Apr 5, 2024",Drama|Romance|Sci-Fi|Thriller,,Janus Films,,,,42823,4,117,2 hr 26 min,Limited,2024,55
The First Omen,"Apr 5, 2024",Horror,R,20th Century Studios,,,,8353710,3375,3375,1 hr 59 min,Limited,2024,56
The Old Oak,"Apr 5, 2024",Drama,,Kino Lorber,,,,7439,1,37,1 hr 53 min,Limited,2024,57
Untitled M. Night Shyamalan Project,"Apr 5, 2024",Horror|Thriller,,Universal Pictures,,,,,,,,Limited,2024,58
Gone with the Wind,"Apr 7, 2024",Drama|Romance|War,,Fathom Events,,,,,,,3 hr 58 min,Limited,2024,59
Nowhere Special,"April 26, 2024",Drama,,Cohen Media Group,,,,15052,4,31,1 hr 36 min,Limited,2024,60
Chicken for Linda!,"April 5, 2024",Animation|Comedy|Musical,,GKIDS,,,,3329,1,15,1 hr 13 min,Limited,2024,61
The Greatest Hits,"April 5, 2024",Comedy|Drama|Music|Romance|Sci-Fi,PG-13,Searchlight Pictures,,,,,,,1 hr 34 min,Limited,2024,62
Lawrence of Arabia,"Aug 11, 2024",Adventure|Biography|Drama|War,,Fathom Events,,,,,,,3 hr 47 min,Limited,2024,63
The Gershwins' Porgy and Bess,"Aug 14, 2024",Musical,,Fathom Events,,,,,,,3 hr 39 min,Limited,2024,64
Coraline,"Aug 15, 2024",Animation|Drama|Family|Fantasy,PG,Fathom Events,,,,9832281,1535,1564,1 hr 40 min,Limited,2024,65
Alien: Romulus,"Aug 16, 2024",Horror|Sci-Fi|Thriller,R,20th Century Studios,,,,42003361,3885,3915,1 hr 59 min,Limited,2024,66
Caligula: The Ultimate Cut,"Aug 16, 2024",Drama|History,,Drafthouse Films,,,,30815,13,13,2 hr 58 min,Limited,2024,67
Close to You,"Aug 16, 2024",Drama,R,Greenwich Entertainment,,,,39073,121,121,1 hr 40 min,Limited,2024,68
Consumed,"Aug 16, 2024",Horror,,Brainstorm Media,,,,,,,1 hr 29 min,Limited,2024,69
Horizon: An American Saga - Chapter 2,"Aug 16, 2024",Drama|Western,,Warner Bros.,,,,,,,3 hr 10 min,Limited,2024,70
I'll Be Your Mirror,"Aug 16, 2024",Drama|Romance,,,,,,,,,1 hr 51 min,Limited,2024,71
Mountains,"Aug 16, 2024",Drama,,Music Box Films,,,,6429,1,12,1 hr 35 min,Limited,2024,72
My Penguin Friend,"Aug 16, 2024",Adventure|Drama|Family,PG,Roadside Attractions,,,,1033435,1083,1083,1 hr 37 min,Wide,2024,73
Red Island,"Aug 16, 2024",Drama,,Film Movement,,,,2818,1,2,1 hr 57 min,Limited,2024,74
Rob Peace,"Aug 16, 2024",Biography|Drama,R,Republic,,,,256810,526,526,2 hr,Limited,2024,75
Ryan's World the Movie: Titan Universe Adventure,"Aug 16, 2024",Action|Animation|Comedy|Family|Fantasy,,Falling Forward Films,,,,419842,1285,1285,1 hr 20 min,Wide,2024,76
Skincare,"Aug 16, 2024",Comedy|Mystery|Thriller,R,IFC Films,,,,323856,760,760,1 hr 36 min,Wide,2024,77
Stree 2,"Aug 16, 2024",Comedy|Horror,,Parthenos,,,,2570000,666,666,2 hr 27 min,Limited,2024,78
The Greatest Surf Movie in the Universe,"Aug 16, 2024",Animation|Comedy,,Blue Fox Entertainment,,,,,,,1 hr 21 min,Limited,2024,79
The King Tide,"Aug 16, 2024",Thriller,,Vertical Entertainment,,,,,,,1 hr 40 min,Limited,2024,80
LiSA LiVE is SMiLE ALWAYS -LANDER-,"Aug 17, 2024",Music,,Crunchyroll,,,,40359,301,301,2 hr 11 min,Limited,2024,81
Army of Shadows,"Aug 2, 2024",Drama|War,,Rialto Pictures,,,,10295,1,6,2 hr 25 min,Limited,2024,82
Boot Camp,"Aug 2, 2024",Comedy|Romance,,Vertical Entertainment,,,,,,,1 hr 34 min,Limited,2024,83
CatVideoFest 2024,"Aug 2, 2024",,,Oscilloscope,,,,280054,106,106,1 hr 13 min,Limited,2024,84
Coup!,"Aug 2, 2024",Comedy|Thriller,,Greenwich Entertainment,,,,73385,258,258,1 hr 38 min,Limited,2024,85
Dark Feathers: Dance of the Geisha,"Aug 2, 2024",Drama|Mystery|Thriller,PG-13,Hannover House,,,,22459,8,8,1 hr 33 min,Limited,2024,86
Doctor Jekyll,"Aug 2, 2024",Drama|Horror|Mystery,,Hammer Studios,,,,,,,1 hr 30 min,Limited,2024,87
Harold and the Purple Crayon,"Aug 2, 2024",Adventure|Animation|Comedy|Family|Fantasy,PG,Columbia Pictures,,,,6003197,3325,3325,1 hr 30 min,Wide,2024,88
Kneecap,"Aug 2, 2024",Comedy|Drama|Music,R,Sony Pictures Releasing,,,,470977,703,703,1 hr 45 min,Limited,2024,89
Saving Bikini Bottom: The Sandy Cheeks Movie,"Aug 2, 2024",Adventure|Animation|Comedy|Family|Fantasy,,Netflix,,,,,,,1 hr 22 min,Limited,2024,90
Sebastian,"Aug 2, 2024",Drama,,Kino Lorber,,,,12876,3,6,1 hr 50 min,Limited,2024,91
The Firing Squad,"Aug 2, 2024",Adventure|Biography|Drama,PG-13,Atlas Distribution Company,,,,893100,810,810,1 hr 33 min,Limited,2024,92
Trap,"Aug 2, 2024",Crime|Horror|Mystery|Thriller,PG-13,Warner Bros.,,,,15454146,3181,3181,1 hr 45 min,Wide,2024,93
War Game,"Aug 2, 2024",Documentary|Thriller,,Submarine Deluxe,,,,14040,1,13,1 hr 34 min,Limited,2024,94
Seventeen Tour 'Follow' Again to Cinemas,"Aug 21, 2024",Documentary|Music,,Trafalgar Releasing,,,,,,,1 hr 43 min,Limited,2024,95
Stream,"Aug 21, 2024",Horror,,Iconic Events Releasing,,,,,,,2 hr 3 min,Limited,2024,96
200% Wolf,"Aug 23, 2024",Action|Adventure|Animation|Comedy|Family|Fantasy,PG,Viva Pictures,,,,,,,1 hr 38 min,Wide,2024,97
Between the Temples,"Aug 23, 2024",Comedy|Drama,R,Sony Pictures Classics,,,,647757,576,576,1 hr 51 min,Limited,2024,98
Blink Twice,"Aug 23, 2024",Mystery|Thriller,R,Amazon MGM Studios,,,,7301894,3067,3067,1 hr 42 min,Wide,2024,99
Catching Dust,"Aug 23, 2024",Thriller,,Vertical Entertainment,,,,,,,1 hr 36 min,Limited,2024,100
Close Your Eyes,"Aug 23, 2024",Drama,,Film Movement,,,,6199,1,18,2 hr 49 min,Limited,2024,101
Greedy People,"Aug 23, 2024",Comedy|Crime|Thriller,R,Lionsgate,,,,,,,1 hr 52 min,Limited,2024,102
Place of Bones,"Aug 23, 2024",Drama|Thriller|Western,R,The Avenue Entertainment,,,,,,,1 hr 34 min,Limited,2024,103
Revolver,"Aug 23, 2024",Action|Crime|Drama|Mystery,,Well Go USA Entertainment,,,,,,1,1 hr 54 min,Limited,2024,104
Strange Darling,"Aug 23, 2024",Horror|Thriller,R,,,,,1142928,1135,1135,1 hr 37 min,Limited,2024,105
The Crow,"Aug 23, 2024",Action|Crime|Fantasy|Horror|Romance|Thriller,R,Lionsgate,,,,4644666,2752,2752,1 hr 51 min,Wide,2024,106
The Forge,"Aug 23, 2024",Drama|Family,PG,Affirm Films,,,,6659508,1818,1921,2 hr 4 min,Wide,2024,107
Kenshi Yonezu 2023 Tour Fantasy,"Aug 24, 2024",Music,,Crunchyroll,,,,,,3,1 hr 47 min,Limited,2024,108
Whisper of the Heart,"Aug 25, 2024",Animation|Drama|Family|Romance,,Fathom Events,,,,,,,1 hr 51 min,Wide,2024,109
The Cat Returns,"Aug 26, 2024",Adventure|Animation|Comedy|Family|Fantasy|Romance,G,Fathom Events,,,,,,,1 hr 15 min,Wide,2024,110
Kizumonogatari: Koyomi Vamp,"Aug 28, 2024",Action|Animation|Mystery,,Crunchyroll,,,,,,53,2 hr 24 min,Limited,2024,111
Ponyo,"Aug 3, 2024",Adventure|Animation|Comedy|Family|Fantasy,,Fathom Events,,,,800000,,,1 hr 41 min,Wide,2024,112
1992,"Aug 30, 2024",Action|Drama|Thriller,R,Lionsgate,,,,1418905,875,875,1 hr 37 min,Wide,2024,113
Across the River and Into the Trees,"Aug 30, 2024",Drama|Romance|War,,Level 33 Entertainment,,,,67318,225,225,1 hr 46 min,Limited,2024,114
Afraid,"Aug 30, 2024",Horror|Mystery|Sci-Fi|Thriller,PG-13,Sony Pictures Releasing,,,,3665664,3003,3003,1 hr 24 min,Wide,2024,115
City of Dreams,"Aug 30, 2024",Drama|Thriller,R,Roadside Attractions,,,,1245167,774,774,1 hr 54 min,Wide,2024,116
Freedom Hair,"Aug 30, 2024",Drama,,Vertical Entertainment,,,,,,,1 hr 39 min,Limited,2024,117
Merchant Ivory,"Aug 30, 2024",Documentary,,Cohen Media Group,,,,,,,1 hr 52 min,Limited,2024,118
Out Come the Wolves,"Aug 30, 2024",Drama|Horror|Thriller,R,Shudder,,,,7384,16,16,1 hr 26 min,Limited,2024,119
"Paris, Texas","Aug 30, 2024",Drama,,Janus Films,,,,16668,2,13,2 hr 25 min,Limited,2024,120
Petrol,"Aug 30, 2024",Drama|Mystery|Thriller,,Indican Pictures,,,,1968,2,2,1 hr 35 min,Limited,2024,121
Reagan,"Aug 30, 2024",Biography|Drama|History,PG-13,Showbiz Direct,,,,7650720,2754,2770,2 hr 21 min,Wide,2024,122
Seeking Mavis Beacon,"Aug 30, 2024",Documentary,R,Neon,,,,7497,1,30,1 hr 42 min,Limited,2024,123
Shaun of the Dead,"Aug 30, 2024",Comedy|Horror,R,Focus Features,,,,567375,256,256,1 hr 39 min,Limited,2024,124
Sight & Sound Presents: Daniel LIVE,"Aug 30, 2024",Musical,,Fathom Events,,,,1979305,851,851,,Limited,2024,125
Slingshot,"Aug 30, 2024",Mystery|Sci-Fi|Thriller,R,Bleecker Street Media,,,,491796,845,845,1 hr 48 min,Limited,2024,126
Stranger and the Fog,"Aug 30, 2024",Drama|Mystery,,Janus Films,,,,5119,1,2,2 hr 26 min,Limited,2024,127
Take My Hand,"Aug 30, 2024",Drama|Romance,,Blue Fox Entertainment,,,,,,,1 hr 42 min,Limited,2024,128
The Falling Star,"Aug 30, 2024",Comedy|Drama|Mystery|Thriller,,Kino Lorber,,,,1400,1,6,1 hr 38 min,Limited,2024,129
The Wasp,"Aug 30, 2024",Thriller,R,Shout! Factory,,,,20118,98,98,1 hr 36 min,Limited,2024,130
Tokyo Cowboy,"Aug 30, 2024",Drama,PG,Purdie Distribution,,,,19529,2,25,1 hr 58 min,Limited,2024,131
You Gotta Believe,"Aug 30, 2024",Drama|Family|Sport,PG,Well Go USA Entertainment,,,,677094,730,730,1 hr 44 min,Limited,2024,132
Heaven Adores You,"Aug 6, 2024",Biography|Documentary|Drama|Music,,Mercury Studios,,,,,,,1 hr 44 min,Limited,2024,133
Puccini: Turandot,"Aug 7, 2024",Musical,,Fathom Events,,,,,,,,Limited,2024,134
A Carpenter's Prayer,"Aug 9, 2024",Drama|Family,,Family Movie Events,,,,,,,1 hr 31 min,Limited,2024,135
Borderlands,"Aug 9, 2024",Action|Adventure|Comedy|Sci-Fi|Thriller,PG-13,Lionsgate,,,,8601572,3125,3125,1 hr 41 min,Wide,2024,136
Cuckoo,"Aug 9, 2024",Horror|Mystery|Thriller,R,Neon,,,,3030437,1503,1503,1 hr 42 min,Wide,2024,137
Dance First,"Aug 9, 2024",Biography|Drama,,Magnolia Pictures,,,,13011,31,31,1 hr 40 min,Limited,2024,138
Girl You Know It's True,"Aug 9, 2024",Biography|Drama|Music,,Vertical Entertainment,,,,,,,2 hr 4 min,Limited,2024,139
Good One,"Aug 9, 2024",Drama,R,Metrograph Pictures,,,,27846,3,93,1 hr 29 min,Limited,2024,140
It Ends with Us,"Aug 9, 2024",Drama|Romance,PG-13,Sony Pictures Releasing,,,,50016652,3611,3839,2 hr 10 min,Wide,2024,141
Sirocco and the Kingdom of the Winds,"Aug 9, 2024",Adventure|Animation|Family|Fantasy,,GKIDS,,,,34876,92,92,1 hr 14 min,Limited,2024,142
Sugarcane,"Aug 9, 2024",Documentary,R,National Geographic Documentary Films,,,,7648,1,21,1 hr 47 min,Limited,2024,143
The Conversation,"Aug 9, 2024",Drama|Mystery|Thriller,,Rialto Distribution,,,,16875,5,16,1 hr 53 min,Limited,2024,144
Twilight of the Warriors: Walled In,"Aug 9, 2024",Action|Crime|Thriller,R,Well Go USA Entertainment,,,,145212,139,139,2 hr 6 min,Limited,2024,145
NCT Dream Mystery Lab: Dream()Scape in Cinemas,"Dec 11, 2024",Documentary|Music,,Trafalgar Releasing,,,,,,,2 hr 18 min,Limited,2024,146
Babymetal Legend - 43 the Movie,"Dec 12, 2024",,,Iconic Events Releasing,,,,,,,1 hr 21 min,Limited,2024,147
I Am the Immaculate Conception,"Dec 12, 2024",,,Fathom Events,,,,207752,967,967,1 hr 20 min,Limited,2024,148
Interstella 5555: The 5tory of the 5ecret 5tar 5ystem,"Dec 12, 2024",Adventure|Animation|Music|Sci-Fi,,Trafalgar Releasing,,,,2328339,641,641,1 hr 8 min,Limited,2024,149
Kraven the Hunter,"Dec 13, 2024",Action|Adventure|Thriller,R,Sony Pictures Releasing,,,,11001109,3211,3211,2 hr 7 min,Wide,2024,150
Nickel Boys,"Dec 13, 2024",Drama,PG-13,Amazon MGM Studios,,,,54794,2,540,2 hr 20 min,Limited,2024,151
Outbreak,"Dec 13, 2024",Horror|Mystery|Thriller,,Vertical Entertainment,,,,,,,1 hr 28 min,Limited,2024,152
September 5,"Dec 13, 2024",Drama|History|Thriller,R,Paramount Pictures International,,,,80802,7,398,1 hr 35 min,Limited,2024,153
The Activated Man,"Dec 13, 2024",Horror|Thriller,R,,,,,13182,13,13,1 hr 55 min,Limited,2024,154
The Last Showgirl,"Dec 13, 2024",Drama,R,Roadside Attractions,,,,77589,1,946,1 hr 28 min,Limited,2024,155
The Lord of the Rings: The War of the Rohirrim,"Dec 13, 2024",Action|Adventure|Animation|Drama|Fantasy,PG-13,Warner Bros.,,,,4552109,2602,2602,2 hr 14 min,Wide,2024,156
The Man in the White Van,"Dec 13, 2024",Thriller,PG-13,Relativity Media,,,,320653,539,539,1 hr 45 min,Limited,2024,157
Mistletoe & Matrimony,"Dec 14, 2024",Drama|Romance,,OWN: The Oprah Winfrey Network,,,,,,,1 hr 30 min,Limited,2024,158
Seventeen World Tour [Right Here] in Japan: Live Viewing,"Dec 14, 2024",,,Fathom Events,,,,,,,4 hr,Limited,2024,159
A Silent Voice: The Movie,"Dec 15, 2024",Animation|Drama,,GKIDS,,,,157496,192,192,2 hr 10 min,Limited,2024,160
White Christmas,"Dec 15, 2024",Comedy|Musical|Romance,,Fathom Events,,,,1152087,1087,1087,2 hr,Limited,2024,161
Homestead,"Dec 20, 2024",Action|Drama|Thriller,PG-13,Angel,,,,6000241,1886,1886,1 hr 52 min,Wide,2024,162
Mufasa: The Lion King,"Dec 20, 2024",Adventure|Animation|Drama|Family|Musical,PG,Walt Disney Studios Motion Pictures,,,,35409365,4100,4100,1 hr 58 min,Wide,2024,163
Sonic the Hedgehog 3,"Dec 20, 2024",Action|Adventure|Comedy|Family|Fantasy|Sci-Fi,PG,Paramount Pictures,,,,60102146,3761,3769,1 hr 50 min,Wide,2024,164
The Count of Monte Cristo,"Dec 20, 2024",Action|Adventure|Drama|Romance|Thriller,,The Samuel Goldwyn Company,,,,17426,4,93,2 hr 58 min,Limited,2024,165
The Painted,"Dec 20, 2024",Horror|Thriller,,Vertical Entertainment,,,,,,,1 hr 25 min,Limited,2024,166
The Room Next Door,"Dec 20, 2024",Drama,PG-13,Sony Pictures Classics,,,,105013,6,861,1 hr 47 min,Limited,2024,167
24-Karat Christmas,"Dec 21, 2024",Comedy|Romance,,OWN: The Oprah Winfrey Network,,,,,,,,Limited,2024,168
The Royal Ballet: The Nutcracker,"Dec 22, 2024",,,Fathom Events,,,,,,,,Limited,2024,169
Terrifier 3,"Dec 24, 2024",Horror,,Iconic Events Releasing,,,,,,,2 hr 5 min,Limited,2024,170
A Complete Unknown,"Dec 25, 2024",Biography|Drama|Music,R,Searchlight Pictures,,,,11655553,2835,2835,2 hr 21 min,Limited,2024,171
Baby John,"Dec 25, 2024",Action|Crime|Drama|Thriller,,FUNASIA FILMS,,,,,,,2 hr 39 min,Limited,2024,172
Babygirl,"Dec 25, 2024",Drama|Romance|Thriller,R,A24,,,,4490145,2115,2164,1 hr 54 min,Wide,2024,173
Nosferatu,"Dec 25, 2024",Fantasy|Horror|Mystery,R,Focus Features,,,,21652560,2992,3132,2 hr 12 min,Wide,2024,174
The Fire Inside,"Dec 25, 2024",Biography|Drama|Sport,PG-13,Amazon MGM Studios,,,,1958551,2006,2032,1 hr 49 min,Wide,2024,175
Unknown Title,"Dec 25, 2024",,,Universal Pictures,,,,,,,,Wide,2024,176
2073,"Dec 27, 2024",Documentary|Sci-Fi|Thriller,R,Neon,,,,5078,2,2,1 hr 25 min,Limited,2024,177
Bloody Axe Wound,"Dec 27, 2024",Comedy|Horror,,RLJ Entertainment,,,,43082,237,237,1 hr 23 min,Limited,2024,178
Santosh,"Dec 27, 2024",Crime|Drama|Thriller,R,Metrograph Pictures,,,,5100,1,20,2 hr 8 min,Limited,2024,179
From Ground Zero,"Dec 3, 2024",Animation|Documentary|Drama,,Watermelon Pictures,,,,,,67,1 hr 52 min,Limited,2024,180
Memories of a Burning Body,"Dec 3, 2024",Drama,,Outsider Films,,,,,,,1 hr 30 min,Limited,2024,181
The Taste of Mango,"Dec 4, 2024",Documentary,,Oscilloscope,,,,,,,1 hr 15 min,Limited,2024,182
For King + Country: A Drummer Boy Christmas - Live,"Dec 5, 2024",Music,,Fathom Events,,,,2263645,1540,1540,1 hr 30 min,Limited,2024,183
Pushpa: The Rule - Part 2,"Dec 5, 2024",Action|Crime|Drama|Thriller,,AA Films,,,,9300000,1245,1245,3 hr 21 min,Limited,2024,184
"RM: Right People, Wrong Place","Dec 5, 2024",Documentary|Music,,Variance Films,,,,626534,594,594,1 hr 20 min,Limited,2024,185
Bad Shabbos,"Dec 6, 2024",Comedy,,Menemsha Films,,,,15256,1,43,1 hr 24 min,Limited,2024,186
Carol,"Dec 6, 2024",Drama|Family|Fantasy|Musical,,Family Movie Events,,,,,,,1 hr 55 min,Limited,2024,187
Day of the Fight,"Dec 6, 2024",Drama|Sport,R,Falling Forward Films,,,,25859,3,8,1 hr 48 min,Limited,2024,188
Devils Stay,"Dec 6, 2024",Drama|Horror|Mystery,,Well Go USA Entertainment,,,,,,,1 hr 35 min,Limited,2024,189
Get Away,"Dec 6, 2024",Comedy|Horror,R,IFC Films,,,,104976,474,474,1 hr 26 min,Wide,2024,190
Hounds,"Dec 6, 2024",Crime|Drama|Thriller,,Indican Pictures,,,,3226,2,2,1 hr 34 min,Limited,2024,191
How to Kill Monsters,"Dec 6, 2024",Action|Comedy|Horror,,Dark Side Distribution,,,,,,,1 hr 35 min,Limited,2024,192
Interstellar,"Dec 6, 2024",Adventure|Drama|Sci-Fi,PG-13,Paramount Pictures,,,,4602149,165,321,2 hr 49 min,Limited,2024,193
Lake George,"Dec 6, 2024",Comedy|Crime|Thriller,,Magnolia Pictures,,,,6670,11,12,1 hr 58 min,Limited,2024,194
Laufey's A Night at the Symphony: Hollywood Bowl,"Dec 6, 2024",Music,,Trafalgar Releasing,,,,845370,413,413,1 hr 38 min,Limited,2024,195
Loïe Fuller: Obsessed with Light,"Dec 6, 2024",Documentary,,Film Movement,,,,7111,1,1,1 hr 30 min,Limited,2024,196
Love Lies,"Dec 6, 2024",Comedy|Drama|Romance,,ILLUME Films,,,,,,,1 hr 54 min,Limited,2024,197
Mind Wave,"Dec 6, 2024",Thriller,,Vertical Entertainment,,,,,,,1 hr 17 min,Limited,2024,198
Mr. Santa: A Christmas Extravaganza,"Dec 6, 2024",Family,PG,Atlas Distribution Company,,,,,,,1 hr 38 min,Limited,2024,199
Nightbitch,"Dec 6, 2024",Comedy|Drama|Fantasy|Horror,R,Searchlight Pictures,,,,,,,1 hr 39 min,Limited,2024,200
"Oh, Canada","Dec 6, 2024",Drama,,Kino Lorber,,,,31869,3,74,1 hr 31 min,Limited,2024,201
Saturn Return,"Dec 6, 2024",Drama|Music,,Outsider Pictures,,,,,,,1 hr 49 min,Limited,2024,202
Solo Leveling: ReAwakening,"Dec 6, 2024",Action|Adventure|Animation|Fantasy,R,Sony Pictures Releasing,,,,2452895,846,846,2 hr 1 min,Wide,2024,203
Standing on the Shoulders of Kitties,"Dec 6, 2024",Comedy|Music,R,Blue Fox Entertainment,,,,210000,285,285,1 hr 51 min,Limited,2024,204
The End,"Dec 6, 2024",Drama|Fantasy|Musical|Sci-Fi,R,Neon,,,,24972,3,151,2 hr 28 min,Limited,2024,205
The Girl with the Needle,"Dec 6, 2024",Crime|Drama|History,,MUBI,,,,15284,8,21,2 hr 3 min,Limited,2024,206
The Invisible Raptor,"Dec 6, 2024",Comedy|Horror|Sci-Fi,R,Well Go USA Entertainment,,,,,,,1 hr 55 min,Limited,2024,207
The Order,"Dec 6, 2024",Crime|Drama|Thriller,R,Vertical Entertainment,,,,877855,603,603,1 hr 56 min,Limited,2024,208
The Return,"Dec 6, 2024",Adventure|Drama|History,R,Bleecker Street Media,,,,361505,629,629,1 hr 56 min,Limited,2024,209
The Umbrellas of Cherbourg,"Dec 6, 2024",Drama|Musical|Romance,,Janus Films,,,,,,9,1 hr 31 min,Limited,2024,210
Werewolves,"Dec 6, 2024",Action|Horror|Sci-Fi|Thriller,R,Briarcliff Entertainment,,,,1052998,1351,1351,1 hr 33 min,Wide,2024,211
Y2K,"Dec 6, 2024",Comedy|Horror|Sci-Fi,R,A24,,,,2113923,2108,2108,1 hr 31 min,Wide,2024,212
Year 10,"Dec 6, 2024",Horror|Sci-Fi,,Blue Fox Entertainment,,,,,,,1 hr 36 min,Limited,2024,213
You Are Not Me,"Dec 6, 2024",Horror|Thriller,,Music Box Films,,,,2599,7,7,1 hr 38 min,Limited,2024,214
A Season to Remember,"Dec 7, 2024",Romance,,OWN: The Oprah Winfrey Network,,,,,,,1 hr 23 min,Limited,2024,215
Mozart: Die Zauberflöte,"Dec 7, 2024",Musical,,Fathom Events,,,,,,,,Limited,2024,216
My Neighbor Totoro,"Dec 7, 2024",Adventure|Animation|Comedy|Family|Fantasy,,Fathom Events,,,,,,,1 hr 26 min,Wide,2024,217
Los Frikis,"December 20, 2024",Drama,R,Falling Forward Films,,,,38338,2,18,1 hr 51 min,Limited,2024,218
The Brutalist,"December 20, 2024",Drama,R,A24,,,,266791,6,1612,3 hr 36 min,Limited,2024,219
Better Man,"December 25, 2024",Biography|Fantasy|Music|Musical,R,Paramount Pictures,,,,18259,6,1291,2 hr 15 min,Limited,2024,220
Harbin,"December 25, 2024",Action|Biography|Crime|History|Thriller,,Well Go USA Entertainment,,,,27923,2,70,1 hr 48 min,Limited,2024,221
Vermiglio,"December 25, 2024",Drama|History,,Janus Films,,,,8319,1,19,1 hr 59 min,Limited,2024,222
The Chosen: S4 Episodes 1-3,"Feb 1, 2024",Drama|History,,Fathom Events,,,,5949435,2280,2280,3 hr 14 min,Limited,2024,223
Gloria Gaynor: I Will Survive,"Feb 13, 2024",Documentary,,Fathom Events,,,,,,,1 hr 39 min,Limited,2024,224
Adam the First,"Feb 14, 2024",Drama,,Nova Vento Entertainment,,,,,,,1 hr 43 min,Limited,2024,225
Bob Marley: One Love,"Feb 14, 2024",Biography|Drama|Music,PG-13,Paramount Pictures,,,,28659004,3539,3597,1 hr 47 min,Wide,2024,226
Madame Web,"Feb 14, 2024",Action|Thriller,PG-13,Columbia Pictures,,,,15335860,4013,4013,1 hr 56 min,Wide,2024,227
What About Love,"Feb 14, 2024",Drama|Romance,,XW Studios,,,,,,,1 hr 54 min,Wide,2024,228
The Chosen: S4 Episodes 4-6,"Feb 15, 2024",Drama|History,,Fathom Events,,,,3622287,2272,2272,3 hr 16 min,Limited,2024,229
2024 Oscar Nominated Short Films: Documentary,"Feb 16, 2024",,,ShortsTV,,,,845202,367,367,2 hr 13 min,Limited,2024,230
Altered Reality,"Feb 16, 2024",Thriller,,K Street Pictures,,,,19900,112,112,1 hr 38 min,Limited,2024,231
Amélie,"Feb 16, 2024",Comedy|Romance,R,Sony Pictures Releasing,,,,210750,216,216,2 hr 2 min,Limited,2024,232
Bleeding Love,"Feb 16, 2024",Drama,,Vertical Entertainment,,,,,,,1 hr 36 min,Limited,2024,233
God & Country,"Feb 16, 2024",Documentary,PG-13,Oscilloscope,,,,38415,85,85,1 hr 30 min,Limited,2024,234
Land of Bad,"Feb 16, 2024",Action|Thriller,R,The Avenue Entertainment,,,,1840510,1130,1317,1 hr 53 min,Limited,2024,235
No Way Up,"Feb 16, 2024",Action|Adventure|Drama|Thriller,R,Nashe Kino,,,,71300,78,78,1 hr 30 min,Limited,2024,236
UFC 298: Volkanovski vs. Topuria,"Feb 17, 2024",Sport,,Iconic Events Releasing,,,,,,,3 hr 15 min,Limited,2024,237
Dune,"Feb 18, 2024",Action|Adventure|Sci-Fi,,Fathom Events,,,,,,,2 hr 17 min,Limited,2024,238
Argylle,"Feb 2, 2024",Action|Comedy|Thriller,PG-13,Universal Pictures,,,,17473540,3605,3647,2 hr 19 min,Wide,2024,239
Bushman,"Feb 2, 2024",Drama,,Kino Lorber,,,,6351,3,4,1 hr 13 min,Limited,2024,240
Departing Seniors,"Feb 2, 2024",Comedy|Horror|Mystery|Thriller,,Dark Sky Films,,,,,,,1 hr 25 min,Limited,2024,241
Disco Boy,"Feb 2, 2024",Drama,,Big World Pictures,,,,2610,1,3,1 hr 32 min,Limited,2024,242
Fitting In,"Feb 2, 2024",Comedy|Drama,R,Blue Fox Entertainment,,,,50091,185,185,1 hr 45 min,Limited,2024,243
How to Have Sex,"Feb 2, 2024",Drama,,MUBI,,,,48596,4,77,1 hr 31 min,Limited,2024,244
Jungle Bunch: Operation Meltdown,"Feb 2, 2024",Action|Adventure|Animation|Comedy|Family|Fantasy,PG,Viva Pictures,,,,454703,1036,1036,1 hr 29 min,Limited,2024,245
Scrambled,"Feb 2, 2024",Comedy|Drama,R,Lionsgate,,,,249788,762,762,1 hr 40 min,Limited,2024,246
Somewhere Quiet,"Feb 2, 2024",Mystery|Thriller,,Vertical Entertainment,,,,,,,1 hr 42 min,Limited,2024,247
The Monk and the Gun,"Feb 2, 2024",Comedy|Drama,PG-13,A Contracorriente Films,,,,,,101,1 hr 47 min,Limited,2024,248
The Promised Land,"Feb 2, 2024",Action|Biography|Drama|History,R,Magnolia Pictures,,,,121505,192,192,2 hr 7 min,Limited,2024,249
Final Fantasy VII: Advent Children,"Feb 21, 2024",Action|Adventure|Animation|Fantasy|Sci-Fi,PG-13,Fathom Events,,,,,,,1 hr 41 min,Limited,2024,250
Nostalgia,"Feb 21, 2024",Drama,,Kino Lorber,,,,36408,5,11,2 hr 5 min,Limited,2024,251
Article 370,"Feb 23, 2024",Action|Drama|Thriller,,,,,,326458,161,161,2 hr 38 min,Wide,2024,252
Bring Him to Me,"Feb 23, 2024",Crime|Thriller,R,Roadside Attractions,,,,1475,12,12,1 hr 36 min,Limited,2024,253
Demon Slayer: Kimetsu No Yaiba - To the Hashira Training,"Feb 23, 2024",Action|Adventure|Animation|Fantasy|Thriller,R,Sony Pictures Releasing,,,,11505414,1949,1949,1 hr 44 min,Wide,2024,254
Drive-Away Dolls,"Feb 23, 2024",Action|Comedy|Thriller,R,Focus Features,,,,2404330,2280,2280,1 hr 24 min,Wide,2024,255
Drugstore June,"Feb 23, 2024",Comedy|Crime|Mystery,,,,,,18665,2,2,1 hr 31 min,Limited,2024,256
Firecracker,"Feb 23, 2024",Thriller,,Vertical Entertainment,,,,,,,1 hr 47 min,Limited,2024,257
Golden Years,"Feb 23, 2024",Comedy,,Music Box Films,,,,7195,4,4,1 hr 32 min,Limited,2024,258
Io Capitano,"Feb 23, 2024",Adventure|Drama,,Cohen Media Group,,,,,,67,2 hr 1 min,Limited,2024,259
Isle of Hope,"Feb 23, 2024",Drama,,Aventura Entertainment,,,,,,29,1 hr 36 min,Limited,2024,260
Les Misérables,"Feb 23, 2024",Drama|Musical|Romance,PG-13,Universal Pictures,,,,346550,162,162,2 hr 38 min,Limited,2024,261
Ordinary Angels,"Feb 23, 2024",Biography|Drama,PG,Lionsgate,,,,6163600,3020,3020,1 hr 58 min,Wide,2024,262
Parallel,"Feb 23, 2024",Drama|Sci-Fi|Thriller,,Vertical Entertainment,,,,,,,1 hr 28 min,Limited,2024,263
Red Right Hand,"Feb 23, 2024",Action|Thriller,,Magnolia Pictures,,,,18135,50,50,1 hr 51 min,Wide,2024,264
Stopmotion,"Feb 23, 2024",Animation|Horror|Thriller,R,IFC Films,,,,340079,384,384,1 hr 33 min,Limited,2024,265
Terezín,"Feb 23, 2024",Drama,,VMI Releasing,,,,,,,1 hr 50 min,Limited,2024,266
The Invisible Fight,"Feb 23, 2024",Action|Comedy,,Kino Lorber,,,,3217,6,14,1 hr 55 min,Limited,2024,267
The Stolen Valley,"Feb 23, 2024",Action|Drama|Western,PG-13,Blue Fox Entertainment,,,,19623,88,88,1 hr 45 min,Wide,2024,268
They Shot the Piano Player,"Feb 23, 2024",Animation|Documentary|Drama|History|Music,PG-13,Sony Pictures Releasing,,,,6734,2,270,1 hr 44 min,Limited,2024,269
The Chosen: S4 Episodes 7-8,"Feb 29, 2024",Drama|History,,Fathom Events,,,,3286746,2215,2215,2 hr 37 min,Limited,2024,270
My Fair Lady,"Feb 4, 2024",Drama|Musical|Romance,G,Fathom Events,,,,,,,2 hr 50 min,Limited,2024,271
Perfect Days,"Feb 7, 2024",Drama,PG,Neon,,,,100924,6,271,2 hr 4 min,Limited,2024,272
Drift,"Feb 8, 2024",Drama,,Utopia,,,,6000,1,8,1 hr 33 min,Limited,2024,273
Aggro Dr1ft,"Feb 9, 2024",Action|Crime|Drama,,EDGLRD,,,,46300,,28,1 hr 20 min,Limited,2024,274
Dune: Part One,"Feb 9, 2024",Action|Adventure|Drama|Sci-Fi,PG-13,IMAX,,,,570000,2100,2100,2 hr 35 min,Limited,2024,275
Ennio,"Feb 9, 2024",Biography|Documentary|History|Music,,Music Box Films,,,,7591,1,20,2 hr 30 min,Limited,2024,276
Float,"Feb 9, 2024",Drama|Romance,PG-13,Lionsgate,,,,,,,1 hr 40 min,Wide,2024,277
Inheritance to Love,"Feb 9, 2024",Comedy|Romance,,Purdie Distribution,,,,10956,20,20,1 hr 28 min,Limited,2024,278
Lisa Frankenstein,"Feb 9, 2024",Comedy|Horror|Romance,PG-13,Focus Features,,,,3695785,3144,3144,1 hr 41 min,Wide,2024,279
Lola,"Feb 9, 2024",Drama,,Vertical Entertainment,,,,,,,1 hr 24 min,Limited,2024,280
Out of Darkness,"Feb 9, 2024",Horror|Mystery|Thriller,R,Bleecker Street Media,,,,979822,897,897,1 hr 28 min,Wide,2024,281
Popular Theory,"Feb 9, 2024",Adventure|Comedy|Family,PG,Blue Fox Entertainment,,,,22859,93,93,1 hr 28 min,Wide,2024,282
Sex-Positive,"Feb 9, 2024",Comedy,,Entertainment Squad,,,,2641,20,20,1 hr 25 min,Wide,2024,283
The Taste of Things,"Feb 9, 2024",Drama|History|Romance,PG-13,IFC Films,,,,130050,3,505,2 hr 15 min,Limited,2024,284
Turning Red,"Feb 9, 2024",Adventure|Animation|Comedy|Drama|Family|Fantasy|Music|Romance,PG,Walt Disney Studios Motion Pictures,,,,578047,1560,1560,1 hr 40 min,Wide,2024,285
Skin Deep,"February 2, 2024",Drama|Fantasy|Romance|Sci-Fi,,Kino Lorber,,,,3554,1,3,1 hr 43 min,Limited,2024,286
About Dry Grasses,"February 23, 2024",Drama,,Sideshow Releasing,,,,14651,3,23,3 hr 17 min,Limited,2024,287
M*A*S*H: The Comedy That Changed Television,"Jan 1, 2024",Talk-Show,,Twentieth Century Fox,,,,,,,1 hr 29 min,Limited,2024,288
Bye Bye Tiberias,"Jan 12, 2024",Biography|Documentary,,Women Make Movies,,,,,,,1 hr 22 min,Limited,2024,289
Driving Madeleine,"Jan 12, 2024",Comedy|Drama,,Cohen Media Group,,,,23473,6,77,1 hr 31 min,Limited,2024,290
Household Saints,"Jan 12, 2024",Drama,R,Kino Lorber,,,,6153,1,5,2 hr 4 min,Limited,2024,291
I Did It My Way,"Jan 12, 2024",Action|Crime|Drama,,Well Go USA Entertainment,,,,75873,36,36,1 hr 55 min,Limited,2024,292
Inshallah a Boy,"Jan 12, 2024",Drama,,Greenwich Entertainment,,,,6127,1,4,1 hr 53 min,Wide,2024,293
Lights Out,"Jan 12, 2024",Action|Thriller,R,Universal Pictures,,,,,,,1 hr 30 min,Wide,2024,294
Mean Girls,"Jan 12, 2024",Comedy|Musical,PG-13,Paramount Pictures,,,,28635307,3791,3826,1 hr 52 min,Wide,2024,295
Occupied City,"Jan 12, 2024",Documentary|History|War,PG-13,A24,,,,,,,4 hr 26 min,Limited,2024,296
Soul,"Jan 12, 2024",Adventure|Animation|Comedy|Drama|Family|Fantasy|Music,PG,Walt Disney Studios Motion Pictures,,,,431840,1350,1360,1 hr 40 min,Wide,2024,297
T.I.M.,"Jan 12, 2024",Horror|Sci-Fi|Thriller,,Brainstorm Media,,,,,,,1 hr 41 min,Limited,2024,298
The Beekeeper,"Jan 12, 2024",Action|Crime|Thriller,R,Metro-Goldwyn-Mayer (MGM),,,,16576007,3303,3337,1 hr 45 min,Wide,2024,299
The Book of Clarence,"Jan 12, 2024",Adventure|Comedy|Drama|History,PG-13,Sony Pictures Releasing,,,,2557027,2010,2010,2 hr 9 min,Wide,2024,300
The Settlers,"Jan 12, 2024",Crime|Drama|History,,MUBI,,,,8210,2,19,1 hr 37 min,Limited,2024,301
Queen Rock Montreal,"Jan 18, 2024",Documentary|Music,,,,,,2000000,387,387,1 hr 35 min,Limited,2024,302
Founders Day,"Jan 19, 2024",Comedy|Horror|Mystery|Thriller,R,,,,,,,,1 hr 46 min,Wide,2024,303
I.S.S.,"Jan 19, 2024",Sci-Fi|Thriller,R,Bleecker Street Media,,,,3064583,2518,2518,1 hr 35 min,Wide,2024,304
Inside the Yellow Cocoon Shell,"Jan 19, 2024",Drama,,Kino Lorber,,,,14822,2,10,2 hr 59 min,Limited,2024,305
One from the Heart: Reprise,"Jan 19, 2024",Drama|Musical|Romance,,Rialto Pictures,,,,10359,2,7,1 hr 47 min,Limited,2024,306
Pasang: In the Shadow of Everest,"Jan 19, 2024",Documentary,,Slice of Pie,,,,6388,2,2,1 hr 12 min,Limited,2024,307
Spider-Man: Across the Spider-Verse,"Jan 19, 2024",Action|Adventure|Animation|Family|Fantasy|Sci-Fi,PG,Sony Pictures Releasing,,,,175657,466,466,2 hr 20 min,Limited,2024,308
The Breaking Ice,"Jan 19, 2024",Drama|Romance,,Strand Releasing,,,,,,,1 hr 37 min,Limited,2024,309
The Hunted,"Jan 19, 2024",Horror|Thriller,R,Vertical Entertainment,,,,,,,1 hr 34 min,Limited,2024,310
Time Still Turns the Pages,"Jan 19, 2024",Drama,,ILLUME Films,,,,,,,1 hr 35 min,Limited,2024,311
Which Brings Me to You,"Jan 19, 2024",Comedy|Drama|Romance,,Decal Releasing,,,,,,,1 hr 38 min,Limited,2024,312
UFC 297: Strickland vs. du Plessis,"Jan 20, 2024",Sport,,Iconic Events Releasing,,,,,,,3 hr,Limited,2024,313
Giselle: Ballet in Cinema,"Jan 21, 2024",,,Iconic Events Releasing,,,,,,,2 hr,Limited,2024,314
A Case for Love,"Jan 23, 2024",Documentary,,Fathom Events,,,,,,,1 hr 55 min,Limited,2024,315
New Blue Sun (Listening),"Jan 23, 2024",,,IMAX,,,,,,,1 hr 30 min,Limited,2024,316
Fighter,"Jan 25, 2024",Action|Drama,,Viva Pictures,,,,1000000,662,662,2 hr 46 min,Limited,2024,317
Alienoid: The Return to the Future,"Jan 26, 2024",Action|Fantasy|Sci-Fi,,Well Go USA Entertainment,,,,27972,29,29,2 hr 2 min,Limited,2024,318
American Star,"Jan 26, 2024",Drama|Mystery|Thriller,R,IFC Films,,,,9376,47,47,1 hr 47 min,Limited,2024,319
Cold Copy,"Jan 26, 2024",Crime|Mystery|Thriller,R,Vertical Entertainment,,,,,,,1 hr 36 min,Limited,2024,320
Hundreds of Beavers,"Jan 26, 2024",Action|Adventure|Comedy,,SRH,,,,4625,3,56,1 hr 48 min,Limited,2024,321
Junction,"Jan 26, 2024",Thriller,,VMI Worldwide,,,,,,,1 hr 38 min,Limited,2024,322
Miller's Girl,"Jan 26, 2024",Comedy|Drama|Thriller,R,Lionsgate,,,,,,,1 hr 33 min,Limited,2024,323
Sometimes I Think About Dying,"Jan 26, 2024",Comedy|Drama|Romance,PG-13,Oscilloscope,,,,40460,2,16,1 hr 34 min,Limited,2024,324
The Peasants,"Jan 26, 2024",Animation|Drama|History,R,Sony Pictures Classics,,,,13709,1,251,1 hr 54 min,Limited,2024,325
The Pianist,"Jan 26, 2024",Biography|Drama|Music|War,R,Rialto Pictures,,,,4658,1,3,2 hr 30 min,Limited,2024,326
The Seeding,"Jan 26, 2024",Horror|Thriller,,Magnet Releasing,,,,3022,18,18,1 hr 40 min,Limited,2024,327
The Underdoggs,"Jan 26, 2024",Comedy|Sport,R,Metro-Goldwyn-Mayer (MGM),,,,,,,1 hr 36 min,Wide,2024,328
Totem,"Jan 26, 2024",Drama,,Janus Films,,,,10360,1,12,1 hr 35 min,Wide,2024,329
Bizet: Carmen,"Jan 27, 2024",Musical,,Fathom Events,,,,,,,3 hr 45 min,Limited,2024,330
The Wizard of Oz,"Jan 28, 2024",Adventure|Family|Fantasy|Musical,PG,Fathom Events,,,,,,,1 hr 42 min,Limited,2024,331
Seven,"Jan 3, 2025",Crime|Drama|Mystery|Thriller,R,Warner Bros.,,,,915000,200,200,2 hr 7 min,Limited,2025,1
The Damned,"Jan 3, 2025",Drama|Horror|Mystery,R,Vertical Entertainment,,,,769721,732,732,1 hr 29 min,Wide,2025,2
The Monster Beneath Us,"Jan 3, 2025",Horror|Mystery|Thriller,,Vertical Entertainment,,,,,,,1 hr 43 min,Limited,2025,3
He Went That Way,"Jan 5, 2024",Crime|Drama|Thriller,,Vertical Entertainment,,,,,,,1 hr 35 min,Limited,2024,332
Mayhem!,"Jan 5, 2024",Action|Thriller,R,IFC Films,,,,6001,24,24,1 hr 39 min,Limited,2024,333
Night Swim,"Jan 5, 2024",Horror|Mystery|Thriller,PG-13,Universal Pictures,,,,11797155,3250,3257,1 hr 38 min,Wide,2024,334
Questions,"Jan 5, 2024",Comedy,,Entertainment Squad,,,,3980,20,20,1 hr 40 min,Limited,2024,335
The Bastard Sons,"Jan 5, 2024",Crime|Thriller,,Vertical Entertainment,,,,,,,1 hr 24 min,Limited,2024,336
The Bricklayer,"Jan 5, 2024",Action|Thriller,R,Vertical Entertainment,,,,,,,1 hr 50 min,Limited,2024,337
Weak Layers,"Jan 5, 2024",Comedy,,Greenwich Entertainment,,,,40801,65,65,1 hr 39 min,Limited,2024,338
A Storm Foretold,"Jan 6, 2024",Biography|Documentary|History|News,,Abramorama,,,,,,,1 hr 41 min,Limited,2024,339
Verdi: Nabucco,"Jan 6, 2024",Musical,,Fathom Events,,,,,,,3 hr 5 min,Limited,2024,340
Great Pretender: Razbliuto,"Jan 9, 2024",Action|Adventure|Animation|Mystery,,Sony Pictures Releasing,,,,,,25,1 hr 29 min,Limited,2024,341
Giselle,"January 21, 2024",Drama|Short,,Iconic Events Releasing,,,,,,,16 min,Limited,2024,342
Anselm,"January 5, 2024",Documentary,,Janus Films,,,,56241,2,25,1 hr 33 min,Wide,2024,343
Memory,"January 5, 2024",Drama,R,Ketchup Entertainment,,,,36356,2,151,1 hr 43 min,Wide,2024,344
Noryang: Deadly Sea,"January 5, 2024",Action|Biography|History|War,,Well Go USA Entertainment,,,,19333,4,29,2 hr 32 min,Wide,2024,345
Water Brother,"Jul 11, 2024",Documentary,,Kinnane Brothers,,,,28453,1,1,1 hr 28 min,Limited,2024,346
America's Burning,"Jul 12, 2024",Documentary|History,,Abramorama,,,,11325,1,1,1 hr 23 min,Limited,2024,347
Dandelion,"Jul 12, 2024",Drama|Musical|Romance,R,IFC Films,,,,60862,446,446,1 hr 53 min,Limited,2024,348
Descendants: The Rise of Red,"Jul 12, 2024",Action|Adventure|Family|Fantasy|Music|Musical|Sci-Fi,,Walt Disney Pictures,,,,,,,1 hr 35 min,Limited,2024,349
Eno,"Jul 12, 2024",Documentary|Music,,Film First Co.,,,,14446,1,1,1 hr 25 min,Limited,2024,350
Fly Me to the Moon,"Jul 12, 2024",Comedy|Romance,PG-13,Columbia Pictures,,,,9402176,3356,3356,2 hr 12 min,Wide,2024,351
Indian 2,"Jul 12, 2024",Action|Drama|Musical|Thriller,,FDN,,,,1200000,525,525,2 hr 45 min,Limited,2024,352
Longlegs,"Jul 12, 2024",Crime|Horror|Mystery|Thriller,R,Neon,,,,22400119,2510,2850,1 hr 41 min,Wide,2024,353
Made in England: The Films of Powell and Pressburger,"Jul 12, 2024",Documentary,,Cohen Media Group,,,,7083,1,1,2 hr 11 min,Limited,2024,354
National Anthem,"Jul 12, 2024",Drama,R,LD Entertainment,,,,41864,4,191,1 hr 39 min,Limited,2024,355
Project Silence,"Jul 12, 2024",Action|Horror|Sci-Fi|Thriller,,Capelight Pictures,,,,,,,1 hr 41 min,Limited,2024,356
Sing Sing,"Jul 12, 2024",Drama,R,A24,,,,137119,4,191,1 hr 47 min,Wide,2024,357
Skywalkers: A Love Story,"Jul 12, 2024",Documentary,R,XYZ Films,,,,,,,1 hr 40 min,Limited,2024,358
Sorry/Not Sorry,"Jul 12, 2024",Documentary,,Greenwich Entertainment,,,,,,,1 hr 30 min,Limited,2024,359
The Convert,"Jul 12, 2024",Action|Drama|History|War,,Magnolia Pictures,,,,2963,20,20,1 hr 59 min,Limited,2024,360
The Inheritance,"Jul 12, 2024",Horror|Thriller,,Vertical Entertainment,,,,,,,1 hr 25 min,Limited,2024,361
The Lion King,"Jul 12, 2024",Adventure|Animation|Drama|Family|Musical,G,Walt Disney Studios Motion Pictures,,,,1055070,1330,1330,1 hr 28 min,Limited,2024,362
Touch,"Jul 12, 2024",Drama|Romance,R,Focus Features,,,,446590,316,326,2 hr 1 min,Limited,2024,363
Princess Mononoke,"Jul 13, 2024",Adventure|Animation|Fantasy,PG-13,Fathom Events,,,,,,,2 hr 13 min,Wide,2024,364
Disciples in the Moonlight,"Jul 17, 2024",Drama|Thriller,,Fathom Events,,,,380812,1106,1106,2 hr 6 min,Limited,2024,365
My Spy: The Eternal City,"Jul 18, 2024",Action|Comedy,PG-13,Amazon Studios,,,,,,,1 hr 52 min,Limited,2024,366
50 km/h,"Jul 19, 2024",Comedy,R,,,,,311,10,10,1 hr 50 min,Limited,2024,367
Bad Newz,"Jul 19, 2024",Comedy|Romance,,Moviegoer,,,,1069000,477,477,2 hr 22 min,Limited,2024,368
Before Dawn,"Jul 19, 2024",Drama|History|War,R,Well Go USA Entertainment,,,,743,5,5,1 hr 41 min,Limited,2024,369
Clawfoot,"Jul 19, 2024",Comedy|Thriller,,Vertical Entertainment,,,,,,,1 hr 27 min,Limited,2024,370
Crossing,"Jul 19, 2024",Drama,,MUBI,,,,15365,2,19,1 hr 46 min,Limited,2024,371
Crumb Catcher,"Jul 19, 2024",Comedy|Drama|Horror|Thriller,,Music Box Films,,,,21817,55,55,1 hr 43 min,Limited,2024,372
Customs Frontline,"Jul 19, 2024",Action|Drama|Thriller,,Well Go USA Entertainment,,,,,,9,1 hr 55 min,Limited,2024,373
Great Absence,"Jul 19, 2024",Drama,,Gaga,,,,9750,1,1,2 hr 13 min,Limited,2024,374
"Modernism, Inc.: The Eliot Noyes Design Story","Jul 19, 2024",Documentary,,First Run,,,,,,,1 hr 58 min,Limited,2024,375
Oddity,"Jul 19, 2024",Horror|Thriller,R,Shudder,,,,562333,790,790,1 hr 38 min,Wide,2024,376
Scream Therapy,"Jul 19, 2024",Comedy|Horror,,Indican Pictures,,,,3035,2,2,1 hr 18 min,Limited,2024,377
The Abandon,"Jul 19, 2024",Horror|Sci-Fi|Thriller,R,Independent,,,,,,,1 hr 37 min,Limited,2024,378
Twisters,"Jul 19, 2024",Action|Adventure|Thriller,PG-13,Universal Pictures,,,,81251415,4151,4170,2 hr 2 min,Wide,2024,379
Valleyheart,"Jul 19, 2024",Crime,,Indican Pictures,,,,2870,2,2,1 hr 38 min,Limited,2024,380
Widow Clicquot,"Jul 19, 2024",Biography|Drama,R,Vertical Entertainment,,,,185531,102,102,1 hr 30 min,Limited,2024,381
The NeverEnding Story,"Jul 21, 2024",Adventure|Drama|Family|Fantasy,,Fathom Events,,,,,,,1 hr 42 min,Limited,2024,382
The Good Half,"Jul 23, 2024",Comedy|Drama,,Fathom Events,,,,,,53,1 hr 36 min,Limited,2024,383
Puccini: La Bohème,"Jul 24, 2024",Musical,,Fathom Events,,,,,,,3 hr 7 min,Limited,2024,384
Dead Sea,"Jul 26, 2024",Crime|Thriller,,Vertical Entertainment,,,,,,,1 hr 28 min,Limited,2024,385
Deadpool & Wolverine,"Jul 26, 2024",Action|Adventure|Comedy|Sci-Fi,R,Walt Disney Studios Motion Pictures,,,,211435291,4210,4330,2 hr 8 min,Wide,2024,386
Dìdi,"Jul 26, 2024",Comedy|Drama,R,Focus Features,,,,207307,5,435,1 hr 33 min,Limited,2024,387
Mapantsula,"Jul 26, 2024",Crime|Drama,,Film Movement,,,,3933,1,1,1 hr 44 min,Limited,2024,388
Opening Ceremony,"Jul 26, 2024",Sport,,,,,,,,,4 hr,Limited,2024,389
Raayan,"Jul 26, 2024",Action|Crime|Drama|Thriller,,Prime Media Pictures,,,,453000,133,133,2 hr 25 min,Limited,2024,390
Swan Song,"Jul 26, 2024",Documentary,,Greenwich Entertainment,,,,,,,1 hr 43 min,Limited,2024,391
The Arctic Convoy,"Jul 26, 2024",Action|Drama|History|Thriller|War,,Magnolia Pictures,,,,1338,6,6,1 hr 48 min,Limited,2024,392
The Beast Within,"Jul 26, 2024",Horror,R,Well Go USA Entertainment,,,,51860,115,115,1 hr 37 min,Limited,2024,393
The Fabulous Four,"Jul 26, 2024",Comedy,R,Bleecker Street Media,,,,1042021,1045,1045,1 hr 38 min,Limited,2024,394
The Last Breath,"Jul 26, 2024",Horror|Thriller,R,RLJ Entertainment,,,,1600,16,16,1 hr 36 min,Limited,2024,395
The Time Masters,"Jul 26, 2024",Adventure|Animation|Sci-Fi,,Janus Films,,,,4368,1,6,1 hr 18 min,Limited,2024,396
A Greyhound of a Girl,"Jul 27, 2024",Animation|Drama|Family,,Good Deed Entertainment,,,,,,,1 hr 25 min,Limited,2024,397
Man and Witch: The Dance of a Thousand Steps,"Jul 28, 2024",Adventure|Comedy|Family|Fantasy,PG,Fathom Events,,,,,,,1 hr 34 min,Limited,2024,398
Despicable Me 4,"Jul 3, 2024",Adventure|Animation|Comedy|Crime|Family|Sci-Fi,PG,Universal Pictures,,,,75009210,4428,4449,1 hr 34 min,Wide,2024,399
Rossini: La Cenerentola,"Jul 31, 2024",Musical,,Fathom Events,,,,,,,,Limited,2024,400
The Duel,"Jul 31, 2024",Comedy|Drama,R,Lionsgate,,,,,,,1 hr 40 min,Limited,2024,401
Kill,"Jul 4, 2024",Action|Crime|Drama|Thriller,R,Roadside Attractions,,,,420902,828,828,1 hr 45 min,Limited,2024,402
Sound of Hope: The Story of Possum Trot,"Jul 4, 2024",Drama,PG-13,Angel,,,,3078758,2200,2200,2 hr 10 min,Limited,2024,403
Space Cadet,"Jul 4, 2024",Comedy,PG-13,Amazon MGM Studios,,,,,,,1 hr 50 min,Limited,2024,404
Boneyard,"Jul 5, 2024",Action|Crime|Drama|Mystery|Thriller,R,Lionsgate,,,,,,,1 hr 36 min,Limited,2024,405
Dead Whisper,"Jul 5, 2024",Horror|Thriller,,Vertical Entertainment,,,,,,,1 hr 28 min,Limited,2024,406
Escape,"Jul 5, 2024",Action|Adventure|Thriller,,Well Go USA Entertainment,,,,58833,54,54,1 hr 34 min,Limited,2024,407
Hijack 1971,"Jul 5, 2024",Action|Crime|Thriller,R,Sony Pictures Releasing,,,,80787,62,62,1 hr 40 min,Limited,2024,408
MaXXXine,"Jul 5, 2024",Crime|Horror,R,A24,,,,6705038,2450,2450,1 hr 43 min,Wide,2024,409
Mother Couch,"Jul 5, 2024",Comedy|Drama,,Film Movement,,,,9150,1,13,1 hr 36 min,Limited,2024,410
Seven Samurai,"Jul 5, 2024",Action|Drama,,Janus Films,,,,19260,1,21,3 hr 27 min,Limited,2024,411
The Nature of Love,"Jul 5, 2024",Comedy|Drama|Romance,,Music Box Films,,,,2304,1,4,1 hr 50 min,Limited,2024,412
Unknown Title,"Jul 5, 2024",,,Walt Disney Studios Motion Pictures,,,,,,,,Limited,2024,413
Close Encounters of the Third Kind,"Jul 7, 2024",Drama|Sci-Fi,,Fathom Events,,,,,,,2 hr 18 min,Limited,2024,414
The Lord of the Rings: The Return of the King,"Jun 10, 2024",Adventure|Drama|Fantasy,PG-13,Fathom Events,,,,,,1172,3 hr 21 min,Limited,2024,415
When Marnie Was There,"Jun 10, 2024",Animation|Drama|Family|Mystery,PG,Fathom Events,,,,,,,1 hr 43 min,Wide,2024,416
Cora Bora,"Jun 14, 2024",Comedy|Drama,,Brainstorm Media,,,,15691,4,28,1 hr 32 min,Limited,2024,417
Firebrand,"Jun 14, 2024",Drama|History,R,Roadside Attractions,,,,233373,442,442,2 hr 1 min,Limited,2024,418
Fresh Kills,"Jun 14, 2024",Crime|Drama,,Quiver Distribution,,,,,,11,2 hr,Limited,2024,419
Inside Out 2,"Jun 14, 2024",Adventure|Animation|Comedy|Drama|Family|Fantasy|Sport,PG,Walt Disney Studios Motion Pictures,,,,154201673,4440,4440,1 hr 36 min,Wide,2024,420
Just the Two of Us,"Jun 14, 2024",Drama|Thriller,,Music Box Films,,,,919,2,3,1 hr 45 min,Limited,2024,421
Naked Acts,"Jun 14, 2024",Comedy|Drama,R,Kino Lorber,,,,3799,1,3,1 hr 27 min,Limited,2024,422
Queendom,"Jun 14, 2024",Documentary,,Greenwich Entertainment,,,,,,,1 hr 38 min,Limited,2024,423
Reverse the Curse,"Jun 14, 2024",Comedy|Drama|Romance|Sport,,Vertical Entertainment,,,,,,,1 hr 45 min,Limited,2024,424
Ride,"Jun 14, 2024",Crime|Drama,R,Well Go USA Entertainment,,,,,,,1 hr 54 min,Limited,2024,425
Shoeshine,"Jun 14, 2024",Drama,,Janus Films,,,,5977,1,2,1 hr 31 min,Limited,2024,426
Summer Solstice,"Jun 14, 2024",Comedy|Drama,,Cartilage Films,,,,4251,1,2,1 hr 21 min,Limited,2024,427
The Grab,"Jun 14, 2024",Documentary,,Magnolia Pictures,,,,5866,6,6,1 hr 42 min,Limited,2024,428
Treasure,"Jun 14, 2024",Comedy|Drama,R,Bleecker Street Media,,,,268062,650,650,1 hr 51 min,Limited,2024,429
Ultraman: Rising,"Jun 14, 2024",Action|Adventure|Animation|Comedy|Family|Fantasy|Sci-Fi,PG,Netflix,,,,,,,1 hr 57 min,Limited,2024,430
Unknown Title,"Jun 14, 2024",,,Walt Disney Studios Motion Pictures,,,,,,,,Limited,2024,431
The Muppet Movie,"Jun 2, 2024",Adventure|Comedy|Family|Musical,,Fathom Events,,,,,,,1 hr 35 min,Limited,2024,432
Federer: Twelve Final Days,"Jun 20, 2024",Biography|Documentary|Sport,R,Amazon Studios,,,,,,,1 hr 28 min,Limited,2024,433
GHOST: Rite Here Rite Now,"Jun 20, 2024",Documentary|Music,,Trafalgar Releasing,,,,1521550,751,755,2 hr 25 min,Limited,2024,434
Jesus,"Jun 20, 2024",Drama,,Iconic Events Releasing,,,,241982,325,325,2 hr 27 min,Limited,2024,435
Chestnut,"Jun 21, 2024",Drama,,Utopia,,,,4969,7,7,1 hr 27 min,Limited,2024,436
Fancy Dance,"Jun 21, 2024",Drama,R,Apple Original Films,,,,,,,1 hr 30 min,Limited,2024,437
For Prophet,"Jun 21, 2024",Comedy|Drama|Family,,Integrity Releasing,,,,7130,11,11,1 hr 45 min,Limited,2024,438
Green Border,"Jun 21, 2024",Drama,,Kino Lorber,,,,7305,1,18,2 hr 32 min,Limited,2024,439
Humanist Vampire Seeking Consenting Suicidal Person,"Jun 21, 2024",Comedy|Drama|Fantasy|Horror,,Drafthouse Films,,,,10337,3,3,1 hr 30 min,Limited,2024,440
I Am: Celine Dion,"Jun 21, 2024",Biography|Documentary|Music,PG,Amazon MGM Studios,,,,281558,480,480,1 hr 43 min,Limited,2024,441
Janet Planet,"Jun 21, 2024",Drama,PG-13,A24,,,,47463,2,315,1 hr 53 min,Limited,2024,442
Kinds of Kindness,"Jun 21, 2024",Comedy|Drama|Horror,R,Searchlight Pictures,,,,377289,5,920,2 hr 44 min,Limited,2024,443
The Bikeriders,"Jun 21, 2024",Crime|Drama,R,Focus Features,,,,9698275,2642,2692,1 hr 56 min,Wide,2024,444
The Exorcism,"Jun 21, 2024",Horror|Thriller,R,Vertical Entertainment,,,,2457041,2240,2240,1 hr 35 min,Wide,2024,445
The Speedway Murders,"Jun 21, 2024",Animation|Crime|Documentary|Drama|Mystery,,Vertical Entertainment,,,,,,,1 hr 41 min,Limited,2024,446
Thelma,"Jun 21, 2024",Action|Comedy,PG-13,Magnolia Pictures,,,,2303222,1290,1290,1 hr 38 min,Limited,2024,447
Unknown Title,"Jun 21, 2024",,,Universal Pictures,,,,,,,,Wide,2024,448
What Remains,"Jun 21, 2024",Crime|Drama|Mystery|Thriller,,VMI Releasing,,,,,,,2 hr 6 min,Limited,2024,449
Ghost in the Shell 2: Innocence,"Jun 23, 2024",Animation|Drama|Mystery|Sci-Fi|Thriller,PG-13,GKIDS,,,,116778,560,560,1 hr 40 min,Limited,2024,450
"South Park: Bigger, Longer & Uncut","Jun 23, 2024",Animation|Comedy|Fantasy|Musical,R,Fathom Events,,,,,,,1 hr 21 min,Limited,2024,451
Midas,"Jun 24, 2024",Action|Crime|Thriller,,Entertainment Squad,,,,7756,8,22,1 hr 25 min,Limited,2024,452
Kalki 2898 AD,"Jun 27, 2024",Action|Adventure|Sci-Fi,,Prathyangira Cinemas,,,,5668275,1049,1049,3 hr,Limited,2024,453
Something to Stand for with Mike Rowe,"Jun 27, 2024",History,,Fathom Events,,,,539234,809,809,1 hr 36 min,Limited,2024,454
A Quiet Place: Day One,"Jun 28, 2024",Drama|Horror|Sci-Fi|Thriller,PG-13,Paramount Pictures,,,,52202495,3707,3708,1 hr 39 min,Wide,2024,455
A Sacrifice,"Jun 28, 2024",Drama|Horror|Mystery|Thriller,R,Vertical Entertainment,,,,,,,1 hr 34 min,Limited,2024,456
Blue Lock: Episode Nagi,"Jun 28, 2024",Animation|Drama|Sport|Thriller,PG-13,Crunchyroll,,,,1043969,857,857,1 hr 31 min,Limited,2024,457
Daddio,"Jun 28, 2024",Drama,R,Sony Pictures Classics,,,,424091,628,628,1 hr 40 min,Limited,2024,458
Horizon: An American Saga - Chapter 1,"Jun 28, 2024",Drama|Western,R,Warner Bros.,,,,11052561,3334,3334,3 hr 1 min,Limited,2024,459
How to Come Alive with Norman Mailer,"Jun 28, 2024",Biography|Documentary,,Kino Lorber,,,,5454,1,8,1 hr 42 min,Limited,2024,460
Jatt & Juliet 3,"Jun 28, 2024",Comedy|Romance,,Friday Entertainment,,,,1515000,143,143,2 hr 15 min,Limited,2024,461
June Zero,"Jun 28, 2024",Drama|History,,Cohen Media Group,,,,7117,1,16,1 hr 45 min,Limited,2024,462
Last Summer,"Jun 28, 2024",Drama|Thriller,,Sideshow Releasing,,,,31170,3,24,1 hr 44 min,Limited,2024,463
The Conqueror: Hollywood Fallout,"Jun 28, 2024",Documentary,,Blue Fox Entertainment,,,,,,,1 hr 56 min,Limited,2024,464
The Small Back Room,"Jun 28, 2024",Drama|Romance|Thriller|War,,Rialto Distribution,,,,6561,1,2,1 hr 46 min,Limited,2024,465
The Vourdalak,"Jun 28, 2024",Drama|Fantasy|Horror,,Oscilloscope,,,,7533,1,8,1 hr 30 min,Limited,2024,466
UFC 303: Pereira vs. Prochazka 2,"Jun 29, 2024",Sport,,Iconic Events Releasing,,,,,,,3 hr 15 min,Limited,2024,467
Bad Boys: Ride or Die,"Jun 7, 2024",Action|Adventure|Comedy|Crime|Thriller,R,Sony Pictures Releasing,,,,56527324,3885,3885,1 hr 55 min,Wide,2024,468
Banel & Adama,"Jun 7, 2024",Drama,,Kino Lorber,,,,3265,1,7,1 hr 27 min,Limited,2024,469
I Used to Be Funny,"Jun 7, 2024",Comedy|Drama|Mystery,,Utopia,,,,29499,5,43,1 hr 45 min,Limited,2024,470
Late Bloomers,"Jun 7, 2024",Comedy|Drama,,Vertical Entertainment,,,,,,,1 hr 29 min,Limited,2024,471
Life After Fighting,"Jun 7, 2024",Action|Drama|Thriller,,Vertical Entertainment,,,,,,,2 hr 6 min,Limited,2024,472
Run Lola Run,"Jun 7, 2024",Action|Crime|Thriller,R,Sony Pictures Classics,,,,144758,275,275,1 hr 21 min,Limited,2024,473
School of Magical Animals 2,"Jun 7, 2024",Adventure|Comedy|Family|Musical|Romance,PG,Blue Fox Entertainment,,,,25114,303,303,1 hr 43 min,Limited,2024,474
Someday We'll Tell Each Other Everything,"Jun 7, 2024",Drama|History|Romance,,Strand Releasing,,,,,,,2 hr 9 min,Limited,2024,475
The Lord of the Rings: The Fellowship of the Ring,"Jun 7, 2024",Adventure|Drama|Fantasy,PG-13,Fathom Events,,,,2456745,1529,1529,2 hr 58 min,Limited,2024,476
The Lord of the Rings: The Two Towers,"Jun 7, 2024",Adventure|Drama|Fantasy,PG-13,Fathom Events,,,,1907130,1549,1549,2 hr 59 min,Limited,2024,477
The Watchers,"Jun 7, 2024",Fantasy|Horror|Mystery|Thriller,PG-13,Warner Bros.,,,,7003537,3351,3351,1 hr 42 min,Limited,2024,478
Tuesday,"Jun 7, 2024",Drama|Fantasy,R,A24,,,,25665,2,654,1 hr 50 min,Limited,2024,479
The Secret World of Arrietty,"Jun 9, 2024",Adventure|Animation|Drama|Family|Fantasy,,Fathom Events,,,,,,,1 hr 34 min,Wide,2024,480
Ghostlight,"June 14, 2024",Comedy|Drama,R,IFC Films,,,,38513,3,502,1 hr 55 min,Limited,2024,481
Jesus Thirsts: The Miracle of the Eucharist,"June 4, 2024",Documentary,,Fathom Events,,,,,,1112,1 hr 30 min,Limited,2024,482
Amelia's Children,"Mar 1, 2024",Horror|Thriller,,Magnolia Pictures,,,,7501,15,15,1 hr 31 min,Limited,2024,483
Dune: Part Two,"Mar 1, 2024",Action|Adventure|Drama|Sci-Fi,PG-13,Warner Bros.,,,,82505391,4071,4074,2 hr 46 min,Wide,2024,484
Problemista,"Mar 1, 2024",Comedy,R,A24,,,,131521,5,379,1 hr 44 min,Limited,2024,485
Rose's War,"Mar 1, 2024",Thriller,,Vertical Entertainment,,,,,,,1 hr 38 min,Limited,2024,486
Shayda,"Mar 1, 2024",Drama,PG-13,Sony Pictures Releasing,,,,9551,2,13,1 hr 57 min,Limited,2024,487
The 7 Churches of Revelation: Times of Fire,"Mar 10, 2024",Documentary,,Iconic Events Releasing,,,,,,,1 hr 34 min,Limited,2024,488
Forty-Seven Days with Jesus,"Mar 11, 2024",Drama,,Fathom Events,,,,,,,2 hr 15 min,Limited,2024,489
Arthur the King,"Mar 15, 2024",Adventure|Drama|Sport,PG-13,Lionsgate,,,,7633898,3003,3003,1 hr 47 min,Wide,2024,490
Club Zero,"Mar 15, 2024",Comedy|Drama|Thriller,,Film Movement,,,,5640,1,2,1 hr 50 min,Limited,2024,491
Exhuma,"Mar 15, 2024",Horror|Mystery,,Well Go USA Entertainment,,,,60512,3,70,2 hr 14 min,Limited,2024,492
Knox Goes Away,"Mar 15, 2024",Crime|Thriller,R,Saban Films,,,,,,,1 hr 54 min,Limited,2024,493
Much Ado About Dying,"Mar 15, 2024",Documentary,,First Run,,,,,,,1 hr 24 min,Limited,2024,494
One Life,"Mar 15, 2024",Biography|Drama|History|War,PG,Bleecker Street Media,,,,1713505,983,1009,1 hr 49 min,Wide,2024,495
Pastor's Kid,"Mar 15, 2024",Biography|Drama,R,Atlas Distribution Company,,,,9340,38,38,1 hr 31 min,Limited,2024,496
Prey,"Mar 15, 2024",Action|Thriller,,Vertical Entertainment,,,,2274,5,5,1 hr 26 min,Limited,2024,497
Remembering Gene Wilder,"Mar 15, 2024",Biography|Documentary,,Kino Lorber,,,,3270,2,40,1 hr 32 min,Limited,2024,498
Ryuichi Sakamoto: Opus,"Mar 15, 2024",Documentary|Music,,Janus Films,,,,11293,1,11,1 hr 43 min,Limited,2024,499
Snack Shack,"Mar 15, 2024",Comedy|Drama,R,Republic Pictures,,,,300314,437,437,1 hr 52 min,Limited,2024,500
The American Society of Magical Negroes,"Mar 15, 2024",Comedy|Fantasy,PG-13,Focus Features,,,,1304270,1147,1153,1 hr 44 min,Limited,2024,501
The Animal Kingdom,"Mar 15, 2024",Adventure|Drama|Fantasy|Horror|Mystery|Sci-Fi,,Magnolia Pictures,,,,7173,13,13,2 hr 8 min,Limited,2024,502
The Big Risk,"Mar 15, 2024",Crime|Drama|Romance|Thriller,,Rialto Distribution,,,,9969,2,2,1 hr 50 min,Wide,2024,503
The Prank,"Mar 15, 2024",Comedy|Thriller,R,Iconic Events Releasing,,,,,,,1 hr 35 min,Limited,2024,504
The Shadowless Tower,"Mar 15, 2024",Drama,,Strand Releasing,,,,,,,2 hr 24 min,Limited,2024,505
Uproar,"Mar 15, 2024",Drama,PG-13,Blue Fox Entertainment,,,,8855,33,33,1 hr 50 min,Limited,2024,506
Labyrinth,"Mar 17, 2024",Adventure|Family|Fantasy|Musical,,Fathom Events,,,,,,,1 hr 41 min,Limited,2024,507
Neon Genesis Evangelion: The End of Evangelion,"Mar 17, 2024",Action|Animation|Drama|Sci-Fi,,GKIDS,,,,603219,570,570,1 hr 27 min,Limited,2024,508
The 7 Churches of Revelation: Times of Deception,"Mar 17, 2024",,,Iconic Events Releasing,,,,,,,2 hr 8 min,Limited,2024,509
Radioactive: The Women of Three Mile Island,"Mar 20, 2024",Documentary|History,,First Run,,,,,,,1 hr 16 min,Limited,2024,510
The Ark and the Darkness,"Mar 20, 2024",Documentary,,Fathom Events,,,,32021,76,1030,2 hr 5 min,Limited,2024,511
Rad,"Mar 21, 2024",Drama|Sport,,Fathom Events,,,,,,,1 hr 33 min,Limited,2024,512
Carol Doda Topless at the Condor,"Mar 22, 2024",Biography|Documentary,R,Picturehouse,,,,39447,4,42,1 hr 40 min,Limited,2024,513
Do Not Expect Too Much from the End of the World,"Mar 22, 2024",Comedy|Drama,,MUBI,,,,13626,2,14,2 hr 43 min,Limited,2024,514
Femme,"Mar 22, 2024",Drama|Thriller,,Utopia,,,,17277,1,106,1 hr 39 min,Limited,2024,515
Ghostbusters: Afterlife,"Mar 22, 2024",Adventure|Comedy|Fantasy|Sci-Fi,PG-13,Sony Pictures Releasing,,,,51107,28,28,2 hr 4 min,Limited,2024,516
Ghostbusters: Frozen Empire,"Mar 22, 2024",Adventure|Comedy|Fantasy|Sci-Fi,PG-13,Sony Pictures Releasing,,,,45004673,4345,4345,1 hr 55 min,Wide,2024,517
Immaculate,"Mar 22, 2024",Horror|Thriller,R,Neon,,,,5338921,2354,2362,1 hr 29 min,Wide,2024,518
Late Night with the Devil,"Mar 22, 2024",Horror,R,IFC Films,,,,2834867,1034,1442,1 hr 33 min,Limited,2024,519
Limbo,"Mar 22, 2024",Crime|Drama|Mystery|Thriller,,Music Box Films,,,,6019,2,12,1 hr 48 min,Limited,2024,520
Riddle of Fire,"Mar 22, 2024",Action|Adventure|Comedy,PG-13,Yellow Veil Pictures,,,,24250,28,28,1 hr 55 min,Limited,2024,521
Sentinel,"Mar 22, 2024",Sci-Fi,,Vertical Entertainment,,,,,,,1 hr 30 min,Limited,2024,522
Sleeping Dogs,"Mar 22, 2024",Crime|Mystery|Thriller,R,Variance Films,,,,,,,1 hr 50 min,Limited,2024,523
The Heart Stays,"Mar 22, 2024",Drama,,Indican Pictures,,,,15500,5,5,2 hr 16 min,Limited,2024,524
West Indies,"Mar 22, 2024",Drama|Musical,,Janus Films,,,,,,,1 hr 50 min,Limited,2024,525
You Can Call Me Bill,"Mar 22, 2024",Biography|Documentary,PG-13,,,,,444615,285,285,1 hr 36 min,Limited,2024,526
Gounod: Roméo et Juliette,"Mar 23, 2024",Musical,,Fathom Events,,,,,,,,Limited,2024,527
Winnie-the-Pooh: Blood and Honey 2,"Mar 26, 2024",Horror|Mystery|Thriller,,Fathom Events,,,,,,1500,1 hr 33 min,Limited,2024,528
Ex Machina,"Mar 27, 2024",Drama|Sci-Fi|Thriller,R,IMAX,,,,,,,1 hr 48 min,Limited,2024,529
Godzilla x Kong: The New Empire,"Mar 29, 2024",Action|Adventure|Fantasy|Sci-Fi|Thriller,PG-13,Warner Bros.,,,,80006561,3861,3948,1 hr 55 min,Wide,2024,530
In the Land of Saints and Sinners,"Mar 29, 2024",Action|Crime|Drama|Thriller,R,The Samuel Goldwyn Company,,,,1034132,896,896,1 hr 46 min,Wide,2024,531
Karaoke,"Mar 29, 2024",Comedy|Drama,,Greenwich Entertainment,,,,6990,30,30,1 hr 40 min,Wide,2024,532
La Chimera,"Mar 29, 2024",Adventure|Comedy|Drama|Romance,,Neon,,,,44511,3,216,2 hr 11 min,Limited,2024,533
Le Samouraï,"Mar 29, 2024",Crime|Drama|Thriller,,Janus Films,,,,14899,1,21,1 hr 45 min,Limited,2024,534
Light,"Mar 29, 2024",Sci-Fi,,Vertical Entertainment,,,,,,,1 hr 33 min,Limited,2024,535
Lousy Carter,"Mar 29, 2024",Comedy,,Magnolia Pictures,,,,8584,13,13,1 hr 20 min,Limited,2024,536
Mind Body & Soul,"Mar 29, 2024",Comedy,,Indican Pictures,,,,6060,5,5,1 hr 20 min,Limited,2024,537
The Goat Life,"Mar 29, 2024",Adventure|Drama,,AA Films,,,,625000,,,2 hr 53 min,Limited,2024,538
The Lie: The Murder of Grace Millane,"Mar 29, 2024",Documentary,,Brainstorm Media,,,,,,,1 hr 44 min,Limited,2024,539
The Listener,"Mar 29, 2024",Drama,,Vertical Entertainment,,,,,,,1 hr 36 min,Limited,2024,540
The Windigo,"Mar 29, 2024",Horror|Thriller,,Indican Pictures,,,,5620,2,2,1 hr 25 min,Wide,2024,541
Tillu Square,"Mar 29, 2024",Action|Comedy|Crime|Drama|Romance,,Friday Entertainment,,,,1870000,450,450,2 hr 17 min,Limited,2024,542
Wicked Little Letters,"Mar 29, 2024",Biography|Comedy|Crime|Drama|History|Mystery,R,Sony Pictures Releasing,,,,76654,5,1009,1 hr 40 min,Limited,2024,543
Glitter & Doom,"Mar 6, 2024",Musical|Romance,,Music Box Films,,,,3228,2,11,1 hr 55 min,Limited,2024,544
Labyrinth,"Mar 6, 2024",Adventure|Family|Fantasy|Musical,,Fathom Events,,,,,,,1 hr 41 min,Limited,2024,545
Accidental Texan,"Mar 8, 2024",Comedy|Drama,PG-13,Roadside Attractions,,,,137699,134,134,1 hr 44 min,Limited,2024,546
American Dreamer,"Mar 8, 2024",Comedy,R,Vertical Entertainment,,,,,,,1 hr 38 min,Limited,2024,547
Cabrini,"Mar 8, 2024",Biography|Drama|History,PG-13,Angel,,,,7168520,2840,2850,2 hr 22 min,Wide,2024,548
High & Low - John Galliano,"Mar 8, 2024",Biography|Documentary|History,,MUBI,,,,9217,1,12,1 hr 56 min,Limited,2024,549
Imaginary,"Mar 8, 2024",Horror|Mystery|Thriller,PG-13,Lionsgate,,,,9912713,3118,3118,1 hr 44 min,Wide,2024,550
Kung Fu Panda 4,"Mar 8, 2024",Action|Adventure|Animation|Comedy|Family|Fantasy,PG,Universal Pictures,,,,57989905,4035,4067,1 hr 34 min,Wide,2024,551
One Hand Don't Clap,"Mar 8, 2024",Documentary|Music,,Kino Lorber,,,,,,,1 hr 32 min,Limited,2024,552
Space: The Longest Goodbye,"Mar 8, 2024",Documentary,,Greenwich Entertainment,,,,,,,1 hr 27 min,Limited,2024,553
The Ballad of Davy Crockett,"Mar 8, 2024",Action|Biography|Drama|History|War|Western,,VMI Releasing,,,,,,,1 hr 36 min,Limited,2024,554
Untitled Dreamworks Animation Film,"Mar 8, 2024",Adventure|Animation|Comedy,,Universal Pictures,,,,,,,1 hr 27 min,Wide,2024,555
Yolo,"Mar 8, 2024",Action|Comedy|Drama|Sport,PG-13,Sony Pictures Releasing,,,,827632,200,200,2 hr 9 min,Limited,2024,556
UFC 299: O'Malley vs. Vera 2,"Mar 9, 2024",Sport,,Iconic Events Releasing,,,,,,,3 hr,Limited,2024,557
Verdi: La Forza del Destino,"Mar 9, 2024",Musical,,Fathom Events,,,,,,,,Limited,2024,558
"Nosotros, los De la Fe","March 14, 2024",Comedy,,CanZion Films,,,,50797,27,27,1 hr 58 min,Limited,2024,559
On the Adamant,"March 15, 2024",Documentary,,Kino Lorber,,,,,,7,1 hr 49 min,Limited,2024,560
Free Time,"March 22, 2024",Comedy,,Cartilage Films,,,,,,,1 hr 18 min,Limited,2024,561
Luca,"March 22, 2024",Adventure|Animation|Comedy|Drama|Family|Fantasy,PG,Walt Disney Studios Motion Pictures,,,,,,1390,1 hr 35 min,Wide,2024,562
The Boy and the Heron,"March 22, 2024",Adventure|Animation|Drama|Fantasy,PG-13,GKIDS,,,,13011722,2205,2325,2 hr 4 min,Wide,2024,563
A Cat's Life,"March 29, 2024",Adventure|Drama|Family,,Blue Fox Entertainment,,,,,,,1 hr 23 min,Wide,2024,564
A Fragile Flower,"March 29, 2024",Drama|Music|Romance,,Atlas Distribution Company,,,,,,,1 hr 36 min,Limited,2024,565
Asphalt City,"March 29, 2024",Drama|Thriller,,,,,,,,,2 hr 5 min,Limited,2024,566
Crew,"March 29, 2024",Comedy|Drama,,Friday Entertainment,,,,,,,1 hr 58 min,Limited,2024,567
DogMan,"March 29, 2024",Action|Crime|Drama|Thriller,,Briarcliff Entertainment,,,,,,,1 hr 55 min,Limited,2024,568
Love Lies Bleeding,"March 8, 2024",Crime|Drama|Mystery|Romance|Thriller,R,A24,,,,150765,5,1828,1 hr 44 min,Limited,2024,569
Force of Nature,"May 10, 2024",Crime|Mystery|Thriller,R,IFC Films,,,,36609,153,153,2 hr,Limited,2024,570
Gasoline Rainbow,"May 10, 2024",Adventure|Drama,,MUBI,,,,6241,1,20,1 hr 51 min,Limited,2024,571
Kingdom of the Planet of the Apes,"May 10, 2024",Action|Adventure|Drama|Sci-Fi|Thriller,PG-13,20th Century Studios,,,,58400788,4075,4075,2 hr 25 min,Wide,2024,572
Lazareth,"May 10, 2024",Thriller,,Vertical Entertainment,,,,,,,1 hr 26 min,Limited,2024,573
Not Another Church Movie,"May 10, 2024",Comedy,R,Briarcliff Entertainment,,,,391776,1108,1108,1 hr 30 min,Wide,2024,574
Poolman,"May 10, 2024",Comedy|Mystery,R,Vertical Entertainment,,,,131000,162,162,1 hr 40 min,Limited,2024,575
Pressure,"May 10, 2024",Drama,,Janus Films,,,,,,,2 hr 6 min,Limited,2024,576
Shinda Shinda No Papa,"May 10, 2024",Comedy,,,,,,124000,102,102,2 hr 15 min,Wide,2024,577
Stay with Us,"May 10, 2024",Comedy,,Film Movement,,,,1682,1,4,1 hr 30 min,Limited,2024,578
The Last Stop in Yuma County,"May 10, 2024",Crime|Drama|Thriller,R,Well Go USA Entertainment,,,,41520,45,45,1 hr 30 min,Limited,2024,579
The Lavender Hill Mob,"May 10, 2024",Comedy|Crime,,Rialto Pictures,,,,5524,1,2,1 hr 18 min,Limited,2024,580
Three Promises,"May 10, 2024",Documentary,,Tikkun Olam Productions,,,,,,,1 hr 1 min,Limited,2024,581
Puccini: Madama Butterfly,"May 11, 2024",Musical,,Fathom Events,,,,,,,,Limited,2024,582
The Philadelphia Eleven,"May 14, 2024",Documentary,,Time Travel Productions,,,,,,,1 hr 26 min,Limited,2024,583
Return to Reason: Four Films by Man Ray,"May 15, 2024",Music|Romance,,Janus Films,,,,,,,1 hr 10 min,Limited,2024,584
Babes,"May 17, 2024",Comedy,R,Neon,,,,163130,12,1118,1 hr 44 min,Limited,2024,585
Back to Black,"May 17, 2024",Biography|Drama|Music,R,Focus Features,,,,2835720,2010,2013,2 hr 2 min,Wide,2024,586
IF,"May 17, 2024",Animation|Comedy|Drama|Family|Fantasy,PG,Paramount Pictures,,,,33715801,4041,4068,1 hr 44 min,Wide,2024,587
Taking Venice,"May 17, 2024",Documentary,,Kino Lorber,,,,,,,1 hr 38 min,Limited,2024,588
The American,"May 17, 2024",Biography|Drama,,Vertical Entertainment,,,,,,,1 hr 50 min,Limited,2024,589
The Blue Angels,"May 17, 2024",Documentary,,Amazon MGM Studios,,,,,,,1 hr 33 min,Limited,2024,590
The Strangers: Chapter 1,"May 17, 2024",Horror,R,Lionsgate,,,,11825058,2856,2856,1 hr 31 min,Wide,2024,591
Thelma the Unicorn,"May 17, 2024",Adventure|Animation|Comedy|Family|Fantasy|Musical,,Netflix,,,,,,,1 hr 33 min,Limited,2024,592
Nausicaä of the Valley of the Wind,"May 19, 2024",Adventure|Animation|Sci-Fi,,Fathom Events,,,,,,,1 hr 57 min,Wide,2024,593
North by Northwest,"May 19, 2024",Adventure|Drama|Mystery|Thriller,,Fathom Events,,,,,,,2 hr 16 min,Limited,2024,594
Jeanne du Barry,"May 2, 2024",Biography|Drama|History,,Fathom Events,,,,,,,1 hr 57 min,Limited,2024,595
The Movie,"May 2, 2024",,,Universal Pictures,,,,,,,,Limited,2024,596
Castle in the Sky,"May 20, 2024",Adventure|Animation|Family|Fantasy,,Fathom Events,,,,,,,2 hr 4 min,Limited,2024,597
Multiplied,"May 20, 2024",Documentary,,Fathom Events,,,,,,,2 hr 8 min,Wide,2024,598
Uncut Gems,"May 22, 2024",Crime|Drama|Thriller,R,IMAX,,,,,,,2 hr 15 min,Limited,2024,599
Furiosa: A Mad Max Saga,"May 24, 2024",Action|Adventure|Sci-Fi,R,Warner Bros.,,,,26326462,3804,3864,2 hr 28 min,Wide,2024,600
Kidnapped: The Abduction of Edgardo Mortara,"May 24, 2024",Drama|History,,Cohen Media Group,,,,12925,2,13,2 hr 14 min,Limited,2024,601
Queen of the Deuce,"May 24, 2024",Biography|Documentary,,Greenwich Entertainment,,,,,,,1 hr 18 min,Limited,2024,602
Sight,"May 24, 2024",Biography|Drama|History,PG-13,Angel,,,,2795447,2100,2118,1 hr 43 min,Wide,2024,603
Solo,"May 24, 2024",Drama|Romance,,Music Box Films,,,,1503,1,14,1 hr 41 min,Limited,2024,604
Songs of Earth,"May 24, 2024",Biography|Documentary,,Strand Releasing,,,,,,,1 hr 30 min,Limited,2024,605
The Beach Boys,"May 24, 2024",Biography|Documentary|Music,PG-13,Walt Disney Pictures,,,,,,,1 hr 53 min,Limited,2024,606
The Garfield Movie,"May 24, 2024",Adventure|Animation|Comedy|Family|Fantasy,PG,Sony Pictures Releasing,,,,24006629,4035,4108,1 hr 41 min,Wide,2024,607
The Commandant's Shadow,"May 29, 2024",Documentary|History,PG-13,Fathom Events,,,,,,,1 hr 43 min,Limited,2024,608
Adios Buenos Aires,"May 3, 2024",Comedy|Drama|Music|Romance,,Outsider Pictures,,,,,,,1 hr 30 min,Limited,2024,609
Catching Fire: The Story of Anita Pallenberg,"May 3, 2024",Biography|Documentary|History,,Magnolia Pictures,,,,6943,6,6,1 hr 53 min,Limited,2024,610
Chief of Station,"May 3, 2024",Action|Thriller,,Vertical Entertainment,,,,,,,1 hr 37 min,Limited,2024,611
Dragonkeeper,"May 3, 2024",Adventure|Animation|Fantasy,PG,Viva Pictures,,,,426776,760,760,1 hr 38 min,Wide,2024,612
Evil Does Not Exist,"May 3, 2024",Drama,,Janus Films,,,,42752,3,138,1 hr 46 min,Limited,2024,613
I Saw the TV Glow,"May 3, 2024",Drama|Horror|Mystery,PG-13,A24,,,,119015,4,469,1 hr 40 min,Limited,2024,614
Lost Soulz,"May 3, 2024",Drama,,Kino Lorber,,,,2835,2,7,1 hr 35 min,Limited,2024,615
Mars Express,"May 3, 2024",Action|Animation|Mystery|Sci-Fi|Thriller,,GKIDS,,,,94738,295,295,1 hr 28 min,Limited,2024,616
New Life,"May 3, 2024",Horror|Thriller,,Brainstorm Media,,,,,,,1 hr 25 min,Limited,2024,617
Star Wars: Episode I - The Phantom Menace,"May 3, 2024",Action|Adventure|Fantasy|Sci-Fi,PG,Walt Disney Studios Motion Pictures,,,,8723194,2700,2700,2 hr 16 min,Limited,2024,618
Tarot,"May 3, 2024",Horror,PG-13,Screen Gems,,,,6503012,3104,3104,1 hr 32 min,Wide,2024,619
Thabo and the Rhino Case,"May 3, 2024",Adventure|Family|Mystery,PG,Purdie Distribution,,,,26425,204,204,1 hr 37 min,Wide,2024,620
The Fall Guy,"May 3, 2024",Action|Comedy|Drama|Romance,PG-13,Universal Pictures,,,,27747035,4002,4008,2 hr 6 min,Wide,2024,621
Unknown Title,"May 3, 2024",,,Walt Disney Studios Motion Pictures,,,,,,,,Limited,2024,622
Wildcat,"May 3, 2024",Biography|Drama|Fantasy,,Oscilloscope,,,,58140,3,114,1 hr 43 min,Wide,2024,623
Know Your Place,"May 30, 2024",Drama,,Blue Harbor Entertainment,,,,6426,1,2,1 hr 58 min,Limited,2024,624
Deer Camp '86,"May 31, 2024",Comedy|Horror|Thriller,R,Panoramic Pictures,,,,34984,130,130,1 hr 25 min,Limited,2024,625
Ezra,"May 31, 2024",Comedy|Drama,R,Bleecker Street Media,,,,1242678,1320,1320,1 hr 41 min,Limited,2024,626
Flipside,"May 31, 2024",Documentary,,Oscilloscope,,,,11526,1,13,1 hr 36 min,Limited,2024,627
Haikyu!! The Dumpster Battle,"May 31, 2024",Animation|Comedy|Drama|Sport,PG-13,Crunchyroll,,,,3645301,1119,1119,1 hr 25 min,Wide,2024,628
Handling the Undead,"May 31, 2024",Drama|Horror|Mystery|Thriller,,Neon,,,,7470,1,21,1 hr 37 min,Limited,2024,629
In a Violent Nature,"May 31, 2024",Drama|Horror|Thriller,,IFC Films,,,,2155346,1426,1426,1 hr 34 min,Limited,2024,630
Kajolrekha,"May 31, 2024",Fantasy|Musical|Romance,,Swapna Scarecrow,,,,11000,25,25,2 hr 36 min,Limited,2024,631
Robot Dreams,"May 31, 2024",Animation|Comedy|Drama|Family,PG-13,Neon,,,,32464,2,300,1 hr 43 min,Limited,2024,632
Summer Camp,"May 31, 2024",Comedy,PG-13,Roadside Attractions,,,,1086602,1787,1787,1 hr 35 min,Wide,2024,633
The Dead Don't Hurt,"May 31, 2024",Drama|Western,R,Shout! Factory,,,,384762,735,735,2 hr 9 min,Limited,2024,634
What You Wish For,"May 31, 2024",Thriller,,Magnet Releasing,,,,2587,16,16,1 hr 41 min,Limited,2024,635
Young Woman and the Sea,"May 31, 2024",Biography|Drama|Romance|Sport,PG,Walt Disney Studios Motion Pictures,,,,500000,,,2 hr 9 min,Limited,2024,636
Canelo vs. Munguia: Clash of the Mexican Superstars,"May 4, 2024",,,Fathom Events,,,,,,,4 hr,Limited,2024,637
Steel Magnolias,"May 5, 2024",Comedy|Drama|Romance,,Fathom Events,,,,,,,1 hr 57 min,Limited,2024,638
Mind Body Spirit,"May 7, 2024",Horror,,Welcome Villain,,,,,,,1 hr 25 min,Limited,2024,639
Mobile Suit Gundam SEED Freedom,"May 7, 2024",Action|Adventure|Animation|Drama|Sci-Fi,,Fathom Events,,,,,,,2 hr 4 min,Limited,2024,640
Uncropped,"May 7, 2024",Documentary,,Greenwich Entertainment,,,,,,,1 hr 51 min,Limited,2024,641
A Real Pain,"Nov 1, 2024",Comedy|Drama,R,Searchlight Pictures,,,,228856,4,1185,1 hr 30 min,Limited,2024,642
Absolution,"Nov 1, 2024",Action|Crime|Drama|Mystery|Thriller,R,The Samuel Goldwyn Company,,,,1381692,1500,1500,1 hr 52 min,Limited,2024,643
Aftermath,"Nov 1, 2024",Action|Thriller,,Theatrical Film Distribution,,,,,,,1 hr 37 min,Limited,2024,644
Bhool Bhulaiyaa 3,"Nov 1, 2024",Comedy|Fantasy|Horror,,,,,,2230000,754,754,2 hr 38 min,Limited,2024,645
Blitz,"Nov 1, 2024",Action|Drama|History|War,PG-13,Apple Original Films,,,,,,,2 hr,Limited,2024,646
Hitpig,"Nov 1, 2024",Action|Adventure|Animation|Comedy|Crime|Family,PG,Viva Pictures,,,,1154144,2107,2107,1 hr 26 min,Wide,2024,647
Juror #2,"Nov 1, 2024",Crime|Drama|Mystery|Thriller,PG-13,Warner Bros.,,,,,,,1 hr 54 min,Limited,2024,648
Let's Get Lost,"Nov 1, 2024",Biography|Documentary|Music,,Kino Lorber,,,,5093,2,3,2 hr,Limited,2024,649
Little Girl Blue,"Nov 1, 2024",Biography|Drama,,Indican Pictures,,,,3780,1,2,1 hr 35 min,Limited,2024,650
Lost on a Mountain in Maine,"Nov 1, 2024",Adventure|Family,PG,Blue Fox Entertainment,,,,385442,630,630,1 hr 38 min,Wide,2024,651
Luther: Never Too Much,"Nov 1, 2024",Biography|Documentary|Music,,Drafthouse Films,,,,123053,9,9,1 hr 41 min,Limited,2024,652
One Direction: This Is Us,"Nov 1, 2024",Documentary|Music,PG,Sony Pictures Releasing,,,,165491,157,157,1 hr 32 min,Limited,2024,653
Singham Again,"Nov 1, 2024",Action|Crime|Drama|Thriller,,Moviegoer,,,,2190000,749,749,2 hr 24 min,Limited,2024,654
Soundtrack to a Coup d'Etat,"Nov 1, 2024",Documentary|Music,,Kino Lorber,,,,9931,1,23,2 hr 30 min,Limited,2024,655
The Carpenter,"Nov 1, 2024",Action|Drama,,Purdie Distribution,,,,137906,430,430,1 hr 52 min,Limited,2024,656
The Gutter,"Nov 1, 2024",Comedy,R,Magnolia Pictures,,,,10509,47,47,1 hr 32 min,Limited,2024,657
"Hello, Love, Again","Nov 14, 2024",Drama|Romance,,,,,,2326000,248,248,2 hr 2 min,Limited,2024,658
Shawn Mendes: For Friends and Family Only (A Live Concert Film),"Nov 14, 2024",Music,,Trafalgar Releasing,,,,,,,,Limited,2024,659
Tumbbad,"Nov 14, 2024",Drama|Fantasy|Horror|Thriller,,Blooming Lotus Media,,,,,,,1 hr 48 min,Limited,2024,660
Albany Road,"Nov 15, 2024",Drama|Romance,PG-13,Faith Filmworks,,,,,,,2 hr 15 min,Limited,2024,661
All We Imagine as Light,"Nov 15, 2024",Drama|Romance,,Sideshow Releasing,,,,46876,3,51,1 hr 58 min,Limited,2024,662
Breakup Season,"Nov 15, 2024",Comedy|Drama|Romance,,Smarthouse Creative,,,,7417,7,7,1 hr 42 min,Limited,2024,663
Ghost Cat Anzu,"Nov 15, 2024",Animation|Drama|Family|Fantasy,,GKIDS,,,,149702,328,328,1 hr 37 min,Limited,2024,664
Nathan-ism,"Nov 15, 2024",Documentary,,Outsider Pictures,,,,,,,1 hr 19 min,Limited,2024,665
Red One,"Nov 15, 2024",Action|Adventure|Comedy|Fantasy|Mystery,PG-13,Amazon MGM Studios,,,,32106112,4032,4032,2 hr 3 min,Wide,2024,666
"Kiss Me, Kate: The Musical","Nov 17, 2024",Comedy|Musical,,Trafalgar Releasing,,,,,,,2 hr 41 min,Limited,2024,667
The Fifth Element,"Nov 17, 2024",Action|Adventure|Sci-Fi,PG-13,Fathom Events,,,,,,,2 hr 6 min,Limited,2024,668
For the One,"Nov 2, 2024",Music,,Fathom Events,,,,,,,,Limited,2024,669
Omar and Cedric: If This Ever Gets Weird,"Nov 20, 2024",Documentary|Music,,Oscilloscope,,,,,,126,2 hr 7 min,Limited,2024,670
Bonhoeffer,"Nov 22, 2024",Biography|Drama|History|Thriller,PG-13,Angel,,,,5047975,1900,1900,2 hr 13 min,Wide,2024,671
Ernest Cole: Lost and Found,"Nov 22, 2024",Biography|Documentary|History,,Magnolia Pictures,,,,6072,1,8,1 hr 45 min,Limited,2024,672
Flow,"Nov 22, 2024",Adventure|Animation|Family|Fantasy,PG,Janus Films,,,,50811,2,377,1 hr 25 min,Limited,2024,673
Gladiator II,"Nov 22, 2024",Action|Adventure|Drama,R,Paramount Pictures,,,,55034715,3573,3580,2 hr 28 min,Wide,2024,674
Never Look Away,"Nov 22, 2024",Adventure|Biography|Documentary|Drama,,Greenwich Entertainment,,,,,,,1 hr 25 min,Limited,2024,675
Porcelain War,"Nov 22, 2024",Documentary|War,R,Picturehouse,,,,11370,1,3,1 hr 27 min,Limited,2024,676
Sabbath Queen,"Nov 22, 2024",Animation|Biography|Documentary,,,,,,17500,1,4,1 hr 45 min,Limited,2024,677
The Black Sea,"Nov 22, 2024",Comedy|Drama,R,Metrograph Pictures,,,,4836,1,4,1 hr 36 min,Limited,2024,678
Wicked,"Nov 22, 2024",Fantasy|Musical|Romance,PG,Universal Pictures,,,,112508890,3888,3888,2 hr 40 min,Wide,2024,679
Pom Poko,"Nov 24, 2024",Animation|Comedy|Drama|Family|Fantasy,PG,Fathom Events,,,,,,,1 hr 59 min,Wide,2024,680
The Tale of The Princess Kaguya,"Nov 25, 2024",Animation|Drama|Family|Fantasy|Romance,PG,Fathom Events,,,,,,,2 hr 17 min,Wide,2024,681
Disney Presents: Who Shrunk Daniel Funk?,"Nov 27, 2024",,,Walt Disney Studios Motion Pictures,,,,,,,,Limited,2024,682
Moana 2,"Nov 27, 2024",Adventure|Animation|Comedy|Family|Fantasy|Musical,PG,Walt Disney Studios Motion Pictures,,,,139787385,4200,4200,1 hr 40 min,Wide,2024,683
Queer,"Nov 27, 2024",Biography|Drama|History|Romance,R,A24,,,,200951,7,460,2 hr 17 min,Limited,2024,684
The Seed of the Sacred Fig,"Nov 27, 2024",Crime|Drama|Thriller,PG-13,Neon,,,,35230,3,250,2 hr 47 min,Limited,2024,685
The Wages of Fear,"Nov 27, 2024",Adventure|Drama|Thriller,,Janus Films,,,,7633,1,2,2 hr 36 min,Limited,2024,686
Heavier Trip,"Nov 29, 2024",Adventure|Comedy|Music,,Music Box Films,,,,9643,16,16,1 hr 36 min,Limited,2024,687
Killer Raccoons! 2! Dark Christmas in the Dark!,"Nov 29, 2024",Comedy,,Indican Pictures,,,,2979,3,3,1 hr 36 min,Limited,2024,688
Reinas,"Nov 29, 2024",Drama,,Outsider Films,,,,,,,1 hr 44 min,Limited,2024,689
John Wick,"Nov 3, 2024",Action|Crime|Thriller,R,Fathom Events,,,,,,,1 hr 41 min,Limited,2024,690
Metropolis,"Nov 4, 2024",Adventure|Animation|Drama|Sci-Fi,PG-13,Iconic Events Releasing,,,,,,,1 hr 48 min,Limited,2024,691
Starring Jerry as Himself,"Nov 6, 2024",Biography|Crime|Documentary|Thriller,,Greenwich Entertainment,,,,4746,1,1,1 hr 15 min,Limited,2024,692
100 Yards,"Nov 8, 2024",Action|Drama,PG-13,Well Go USA Entertainment,,,,,,,1 hr 48 min,Limited,2024,693
Andrea Bocelli 30: The Celebration,"Nov 8, 2024",Documentary|Music,,Fathom Events,,,,,,,2 hr 28 min,Limited,2024,694
Christmas Eve in Miller's Point,"Nov 8, 2024",Comedy|Drama,PG-13,IFC Films,,,,83960,405,405,1 hr 46 min,Limited,2024,695
Elevation,"Nov 8, 2024",Action|Horror|Mystery|Sci-Fi|Thriller,R,Vertical Entertainment,,,,1216578,1416,1416,1 hr 31 min,Wide,2024,696
Fighting Spirit: A Combat Chaplain's Journey,"Nov 8, 2024",Documentary,PG-13,Falling Forward Films,,,,16414,141,141,1 hr 15 min,Limited,2024,697
Heretic,"Nov 8, 2024",Horror|Thriller,R,A24,,,,10829810,3221,3230,1 hr 51 min,Wide,2024,698
Hippo,"Nov 8, 2024",Comedy|Drama,,,,,,,,27,1 hr 40 min,Limited,2024,699
Home Education,"Nov 8, 2024",Drama|Horror|Thriller,,Theatrical Film Distribution,,,,,,,1 hr 30 min,Limited,2024,700
Il Grido,"Nov 8, 2024",Drama|Romance,,Janus Films,,,,6536,1,1,1 hr 56 min,Limited,2024,701
Meanwhile on Earth,"Nov 8, 2024",Adventure|Drama|Sci-Fi,R,Metrograph Pictures,,,,23791,157,157,1 hr 29 min,Limited,2024,702
Overlord: The Sacred Kingdom,"Nov 8, 2024",Action|Adventure|Animation|Fantasy,R,Sony Pictures Releasing,,,,1112655,621,621,2 hr 15 min,Wide,2024,703
Small Things Like These,"Nov 8, 2024",Drama,PG-13,Roadside Attractions,,,,596451,799,799,1 hr 38 min,Limited,2024,704
The Best Christmas Pageant Ever,"Nov 8, 2024",Adventure|Comedy|Drama|Fantasy|Mystery|Romance,PG,Lionsgate,,,,10773559,3020,3020,1 hr 39 min,Wide,2024,705
Weekend in Taipei,"Nov 8, 2024",Action|Thriller,R,Falling Forward Films,,,,380057,1021,1021,1 hr 40 min,Limited,2024,706
Here,"November 1, 2024",Drama,PG-13,Sony Pictures Releasing,,,,4875195,2647,2732,1 hr 44 min,Limited,2024,707
The World According to Allee Willis,"November 15, 2024",Biography|Documentary|Music,,Magnolia Pictures,,,,16101,9,34,1 hr 37 min,Limited,2024,708
Bird,"November 8, 2024",Drama,R,MUBI,,,,25907,4,150,1 hr 59 min,Limited,2024,709
A Little Family Drama,"Oct 11, 2024",Comedy|Drama,PG-13,Atlas Distribution Company,,,,4850,11,11,1 hr 27 min,Limited,2024,710
Average Joe,"Oct 11, 2024",Family,PG-13,Fathom Events,,,,1142467,1713,1713,1 hr 40 min,Limited,2024,711
Bad Genius,"Oct 11, 2024",Crime|Drama|Thriller,,Vertical Entertainment,,,,,,,1 hr 36 min,Limited,2024,712
"Carville: Winning Is Everything, Stupid","Oct 11, 2024",Biography|Documentary|History,,Greenwich Entertainment,,,,7887,1,6,1 hr 38 min,Limited,2024,713
Death Without Mercy,"Oct 11, 2024",Documentary,,MTV Documentary Films,,,,,,,1 hr 25 min,Limited,2024,714
Dusty & Stones,"Oct 11, 2024",Documentary,,First Run,,,,,,,1 hr 23 min,Limited,2024,715
My Hero Academia: You're Next,"Oct 11, 2024",Action|Adventure|Animation|Sci-Fi,PG-13,Toho International,,,,3007027,1845,1845,1 hr 50 min,Wide,2024,716
Piece by Piece,"Oct 11, 2024",Animation|Biography|Comedy|Family|Musical,PG,Focus Features,,,,3851355,1865,1873,1 hr 33 min,Wide,2024,717
Six Days in August,"Oct 11, 2024",Drama|History,PG-13,Susan Tuckett Media,,,,85168,82,82,2 hr,Limited,2024,718
Terrifier 3,"Oct 11, 2024",Horror,,Cineverse,,,,18928113,2514,2762,2 hr 5 min,Limited,2024,719
The Apprentice,"Oct 11, 2024",Biography|Drama|History,R,Briarcliff Entertainment,,,,1613233,1740,1740,2 hr 2 min,Wide,2024,720
The Cruise,"Oct 11, 2024",Documentary,PG-13,Oscilloscope,,,,5573,1,4,1 hr 16 min,Limited,2024,721
The Last of the Sea Women,"Oct 11, 2024",Documentary,,Apple Original Films,,,,,,,1 hr 27 min,Limited,2024,722
The Nightmare Before Christmas,"Oct 11, 2024",Adventure|Animation|Family|Fantasy|Musical,PG,Walt Disney Studios Motion Pictures,,,,2419235,1700,1860,1 hr 16 min,Limited,2024,723
The Silent Hour,"Oct 11, 2024",Action|Crime|Thriller,R,Republic Pictures,,,,,,,1 hr 39 min,Limited,2024,724
We Live in Time,"Oct 11, 2024",Drama|Romance,R,A24,,,,232615,5,2964,1 hr 48 min,Limited,2024,725
Mobile Suit Gundam II: Soldiers of Sorrow,"Oct 16, 2024",Action|Animation|Drama|Sci-Fi|War,,Iconic Events Releasing,,,,,,,2 hr 19 min,Limited,2024,726
Taeyong: TY Track in Cinemas,"Oct 16, 2024",Documentary|Music,,Trafalgar Releasing,,,,,,,1 hr 36 min,Limited,2024,727
Tom Petty: Heartbreakers Beach Party,"Oct 17, 2024",Documentary,,Trafalgar Releasing,,,,,,,1 hr 24 min,Limited,2024,728
Anora,"Oct 18, 2024",Comedy|Drama|Romance,R,Neon,,,,550503,6,1938,2 hr 19 min,Limited,2024,729
Bookworm,"Oct 18, 2024",Adventure|Comedy|Drama,,Vertical Entertainment,,,,,,,1 hr 43 min,Limited,2024,730
Exhibiting Forgiveness,"Oct 18, 2024",Drama,R,Roadside Attractions,,,,276274,774,774,1 hr 57 min,Limited,2024,731
Ghostbusters,"Oct 18, 2024",Action|Comedy|Fantasy|Sci-Fi,,Sony Pictures Releasing,,,,31526,45,45,1 hr 45 min,Limited,2024,732
Goodrich,"Oct 18, 2024",Comedy|Drama,R,Ketchup Entertainment,,,,630069,1055,1055,1 hr 50 min,Limited,2024,733
High Tide,"Oct 18, 2024",Drama|Romance,R,Strand Releasing,,,,,,,1 hr 41 min,Limited,2024,734
Hocus Pocus,"Oct 18, 2024",Comedy|Family|Fantasy,PG,Buena Vista International,,,,863130,1480,1595,1 hr 36 min,Limited,2024,735
Kensuke's Kingdom,"Oct 18, 2024",Adventure|Animation,PG,Blue Fox Entertainment,,,,13844,150,150,1 hr 25 min,Limited,2024,736
Once Again (For the Very First Time),"Oct 18, 2024",Drama|Music|Romance,,Indican Pictures,,,,5040,1,1,1 hr 46 min,Limited,2024,737
Panda Plan,"Oct 18, 2024",Action|Comedy|Family,,Well Go USA Entertainment,,,,40110,33,33,1 hr 39 min,Limited,2024,738
Rippy,"Oct 18, 2024",Horror|Mystery|Thriller,,Capelight Pictures,,,,,,,1 hr 23 min,Limited,2024,739
Rumours,"Oct 18, 2024",Comedy|Drama|Horror|Mystery,R,Bleecker Street Media,,,,311781,630,630,1 hr 44 min,Limited,2024,740
Smile 2,"Oct 18, 2024",Horror|Mystery|Thriller,R,Paramount Pictures,,,,23021692,3619,3624,2 hr 7 min,Wide,2024,741
The Burmese Harp,"Oct 18, 2024",Drama|Music|War,,Janus Films,,,,4569,1,3,1 hr 56 min,Limited,2024,742
The Fall,"Oct 18, 2024",Adventure|Drama|Fantasy,R,MUBI,,,,81440,53,53,1 hr 57 min,Limited,2024,743
The Last Video Store,"Oct 18, 2024",Comedy|Horror,,Black Fawn Distribution,,,,,,2,1 hr 19 min,Limited,2024,744
The Line,"Oct 18, 2024",Drama,,Utopia,,,,8225,1,57,1 hr 40 min,Limited,2024,745
Union,"Oct 18, 2024",Documentary,,Level Ground Productions,,,,10000,1,10,1 hr 40 min,Limited,2024,746
Food and Country,"Oct 2, 2024",Documentary,,Greenwich Entertainment,,,,4035,2,6,1 hr 40 min,Limited,2024,747
Saw,"Oct 20, 2024",Horror|Mystery|Thriller,R,Fathom Events,,,,,,,1 hr 43 min,Limited,2024,748
Mobile Suit Gundam III: Encounters in Space,"Oct 23, 2024",Action|Animation|Drama|Sci-Fi|War,,Iconic Events Releasing,,,,,,,2 hr 24 min,Limited,2024,749
Whitney Houston: The Concert for a New South Africa,"Oct 23, 2024",Music,,Trafalgar Releasing,,,,,,,,Limited,2024,750
Tears for Fears Live (A Tipping Point Film),"Oct 24, 2024",,,Trafalgar Releasing,,,,,,,2 hr 6 min,Limited,2024,751
1 Million Followers,"Oct 25, 2024",Thriller,,Vertical Entertainment,,,,,,,1 hr 41 min,Limited,2024,752
Adrianne & the Castle,"Oct 25, 2024",Documentary,,,,,,,,,1 hr 26 min,Limited,2024,753
All You Need Is Blood,"Oct 25, 2024",Comedy|Horror,,Level 33 Entertainment,,,,,,,1 hr 41 min,Wide,2024,754
Black Box Diaries,"Oct 25, 2024",Crime|Documentary,,MTV Documentary Films,,,,7000,1,6,1 hr 42 min,Limited,2024,755
Candy Mountain,"Oct 25, 2024",Drama,,Film Movement,,,,1428,3,3,1 hr 31 min,Limited,2024,756
Conclave,"Oct 25, 2024",Drama|Thriller,PG,Focus Features,,,,6601995,1753,2377,2 hr,Wide,2024,757
Dahomey,"Oct 25, 2024",Documentary,,MUBI,,,,25960,7,13,1 hr 8 min,Limited,2024,758
From Embers,"Oct 25, 2024",Thriller,,Indican Pictures,,,,10765,2,2,1 hr 39 min,Limited,2024,759
La Cocina,"Oct 25, 2024",Drama|Romance,R,WILLA,,,,,,,2 hr 19 min,Limited,2024,760
Let's Start a Cult,"Oct 25, 2024",Comedy,,Dark Sky Films,,,,50288,90,90,1 hr 30 min,Limited,2024,761
Memoir of a Snail,"Oct 25, 2024",Animation|Drama,R,IFC Films,,,,64816,5,467,1 hr 35 min,Limited,2024,762
My Name Is Alfred Hitchcock,"Oct 25, 2024",Documentary,,Cohen Media Group,,,,,,,2 hr,Limited,2024,763
The Sacrifice,"Oct 25, 2024",Drama,,Kino Lorber,,,,10221,1,9,2 hr 29 min,Limited,2024,764
Venom: The Last Dance,"Oct 25, 2024",Action|Fantasy|Horror|Sci-Fi|Thriller,PG-13,Sony Pictures Releasing,,,,51012404,4131,4131,1 hr 50 min,Wide,2024,765
Your Monster,"Oct 25, 2024",Comedy|Horror|Romance,R,Vertical Entertainment,,,,522958,651,651,1 hr 43 min,Limited,2024,766
Zurawski v Texas,"Oct 25, 2024",Documentary|News,,HiddenLight Productions,,,,,,6,1 hr 38 min,Limited,2024,767
Kiki's Delivery Service,"Oct 26, 2024",Animation|Family|Fantasy,,Fathom Events,,,,,,,1 hr 43 min,Wide,2024,768
Our Church Thinks We're Dating,"Oct 29, 2024",Comedy|Family|Romance,,Family Movie Events,,,,,,,1 hr 42 min,Limited,2024,769
Mean Girls,"Oct 3, 2024",Comedy,PG-13,Fathom Events,,,,,,,1 hr 37 min,Limited,2024,770
Megan Thee Stallion: In Her Words,"Oct 30, 2024",Documentary,,IMAX,,,,,,,1 hr 52 min,Limited,2024,771
Arthur's Whisky,"Oct 4, 2024",Comedy|Fantasy,,Vertical Entertainment,,,,,,,1 hr 34 min,Limited,2024,772
Blink,"Oct 4, 2024",Documentary,PG,Walt Disney Pictures,,,,,,,1 hr 23 min,Limited,2024,773
Daaaaaali!,"Oct 4, 2024",Comedy|Drama,,Music Box Films,,,,3482,7,13,1 hr 17 min,Limited,2024,774
Daytime Revolution,"Oct 4, 2024",Biography|Documentary,,Kino Lorber,,,,,,45,1 hr 48 min,Limited,2024,775
Hotel Transylvania,"Oct 4, 2024",Animation|Comedy|Family|Fantasy|Horror|Thriller,PG,Sony Pictures Releasing,,,,19532,40,72,1 hr 31 min,Limited,2024,776
Joker: Folie à Deux,"Oct 4, 2024",Drama|Musical|Thriller,R,Warner Bros.,,,,37678467,4102,4102,2 hr 18 min,Limited,2024,777
Leap of Faith,"Oct 4, 2024",Documentary,PG,Picturehouse Entertainment,,,,33658,7,7,1 hr 26 min,Limited,2024,778
Little Bites,"Oct 4, 2024",Drama|Horror,R,IFC Films,,,,8057,18,18,1 hr 45 min,Limited,2024,779
Look Back,"Oct 4, 2024",Animation|Drama,,GKIDS,,,,690171,531,531,58 min,Limited,2024,780
Monster Summer,"Oct 4, 2024",Adventure|Fantasy|Horror|Mystery,PG-13,Pastime Pictures,,,,658025,1193,1193,1 hr 37 min,Wide,2024,781
Nurse Unseen,"Oct 4, 2024",Documentary,,Ryan Bruce Levey Film Distribution and PR Services,,,,10503,1,2,1 hr 33 min,Limited,2024,782
Sam and Colby: The Legends of the Paranormal,"Oct 4, 2024",Adventure|Documentary|Horror|Mystery|Sci-Fi,,AMC Theatres,,,,1755000,302,302,1 hr 38 min,Limited,2024,783
Scarygirl,"Oct 4, 2024",Adventure|Animation|Fantasy|Mystery|Sci-Fi,PG,Viva Pictures,,,,,,,1 hr 30 min,Wide,2024,784
Separated,"Oct 4, 2024",Documentary,,Submarine Deluxe,,,,8766,1,1,1 hr 33 min,Limited,2024,785
The Outrun,"Oct 4, 2024",Biography|Drama,R,Sony Pictures Releasing,,,,315173,508,508,1 hr 58 min,Limited,2024,786
Things Will Be Different,"Oct 4, 2024",Horror|Sci-Fi|Thriller,,Magnolia Pictures,,,,3988,23,23,1 hr 42 min,Limited,2024,787
White Bird,"Oct 4, 2024",Biography|Drama|Family|War,PG-13,Lionsgate,,,,1557893,1018,1038,2 hr 1 min,Wide,2024,788
Bocchi the Rock! Recap Part 1,"Oct 6, 2024",Animation|Comedy|Drama|Music,,Crunchyroll,,,,167948,264,264,1 hr 30 min,Limited,2024,789
Heart of a Servant: The Father Flanagan Story,"Oct 8, 2024",Documentary,,Fathom Events,,,,,,,1 hr 30 min,Limited,2024,790
Mad About the Boy: The Noël Coward Story,"Oct 9, 2024",Documentary,,Greenwich Entertainment,,,,,,,1 hr 35 min,Limited,2024,791
Ninja Scroll,"Sep 11, 2024",Action|Adventure|Animation|Fantasy|Thriller,,Iconic Events Releasing,,,,,,,1 hr 34 min,Limited,2024,792
The Concierge at Hokkyoku Department Store,"Sep 11, 2024",Adventure|Animation|Family|Fantasy,,Crunchyroll,,,,,,100,1 hr 10 min,Limited,2024,793
Faith of Angels,"Sep 12, 2024",Biography|Drama|Family,PG,Purdie Distribution,,,,62930,30,324,1 hr 38 min,Limited,2024,794
God's Not Dead: In God We Trust,"Sep 12, 2024",Drama,,Fathom Events,,,,1503593,1392,1392,1 hr 36 min,Limited,2024,795
Usher: Rendezvous in Paris,"Sep 12, 2024",Documentary|Music,,Trafalgar Releasing,,,,,,,1 hr 28 min,Limited,2024,796
Alimañas,"Sep 13, 2024",Comedy,R,Sony Pictures Releasing,,,,316,10,10,1 hr 24 min,Limited,2024,797
Am I Racist?,"Sep 13, 2024",Comedy|Documentary,PG-13,SDG Releasing,,,,4544063,1517,1600,1 hr 40 min,Wide,2024,798
Basquiat,"Sep 13, 2024",Biography|Drama,R,Janus Films,,,,11097,1,4,1 hr 47 min,Limited,2024,799
Borderland: The Line Within,"Sep 13, 2024",Documentary,,Skylight Pictures,,,,,,,1 hr 50 min,Limited,2024,800
DAN DA DAN: First Encounter,"Sep 13, 2024",Action|Adventure|Animation|Comedy|Fantasy|Romance|Sci-Fi|Thriller,,GKIDS,,,,925506,613,613,24 min,Wide,2024,801
How to Make Millions Before Grandma Dies,"Sep 13, 2024",Comedy|Drama|Family,,Well Go USA Entertainment,,,,115457,56,56,2 hr 5 min,Limited,2024,802
Music for Mushrooms,"Sep 13, 2024",Documentary,,Area 23a,,,,8144,1,24,1 hr 22 min,Limited,2024,803
My Old Ass,"Sep 13, 2024",Comedy|Drama|Romance,R,Amazon MGM Studios,,,,167853,7,1390,1 hr 29 min,Limited,2024,804
RIIZE Fan-Con Tour 'RIIZING DAY' Finale in Cinemas,"Sep 13, 2024",Documentary|Music,,Trafalgar Releasing,,,,,,,2 hr 45 min,Limited,2024,805
Speak No Evil,"Sep 13, 2024",Drama|Horror|Thriller,R,Universal Pictures,,,,11397595,3375,3375,1 hr 50 min,Wide,2024,806
The Critic,"Sep 13, 2024",Crime|Drama|Mystery|Thriller,R,Greenwich Entertainment,,,,176563,557,557,1 hr 41 min,Limited,2024,807
The Killer's Game,"Sep 13, 2024",Action|Comedy|Thriller,R,Lionsgate,,,,2697850,2623,2623,1 hr 44 min,Wide,2024,808
Winner,"Sep 13, 2024",Adventure|Biography|Comedy|Drama|Thriller,PG-13,Vertical Entertainment,,,,,,,1 hr 43 min,Limited,2024,809
Blazing Saddles,"Sep 15, 2024",Comedy|Western,,Fathom Events,,,,,,,1 hr 33 min,Limited,2024,810
Jung Kook: I Am Still,"Sep 18, 2024",Documentary|Music,,Trafalgar Releasing,,,,1425748,769,769,1 hr 30 min,Limited,2024,811
Trapezium,"Sep 18, 2024",Animation|Musical,,Crunchyroll,,,,,,103,1 hr 35 min,Limited,2024,812
The Babadook,"Sep 19, 2024",Drama|Horror|Mystery,,Iconic Events Releasing,,,,,,,1 hr 34 min,Limited,2024,813
The Matrix,"Sep 19, 2024",Action|Sci-Fi,R,Fathom Events,,,,,,,2 hr 16 min,Limited,2024,814
A Different Man,"Sep 20, 2024",Drama|Thriller,R,A24,,,,49466,4,265,1 hr 52 min,Limited,2024,815
All Shall Be Well,"Sep 20, 2024",Drama,,,,,,,,,1 hr 33 min,Limited,2024,816
And Mrs,"Sep 20, 2024",Comedy,,Theatrical Film Distribution,,,,,,,1 hr 51 min,Limited,2024,817
Never Let Go,"Sep 20, 2024",Horror|Mystery|Thriller,R,Lionsgate,,,,4449065,2667,2667,1 hr 41 min,Wide,2024,818
Omni Loop,"Sep 20, 2024",Drama|Sci-Fi,,Magnolia Pictures,,,,23498,68,68,1 hr 52 min,Limited,2024,819
The Featherweight,"Sep 20, 2024",Biography|Drama|Sport,,mTuckman Media,,,,,,15,1 hr 39 min,Limited,2024,820
The Last Redemption,"Sep 20, 2024",Action|Adventure|Fantasy,,Theatrical Film Distribution,,,,,,,2 hr 1 min,Limited,2024,821
The Shade,"Sep 20, 2024",Drama|Horror,,Level 33 Entertainment,,,,,,4,2 hr 7 min,Limited,2024,822
The Substance,"Sep 20, 2024",Drama|Horror|Sci-Fi,R,MUBI,,,,3205212,1949,1949,2 hr 21 min,Wide,2024,823
Transformers One,"Sep 20, 2024",Action|Adventure|Animation|Family|Fantasy|Sci-Fi,PG,Paramount Pictures,,,,24613970,3978,3978,1 hr 44 min,Wide,2024,824
What We Find on the Road,"Sep 20, 2024",Drama,R,,,,,,,,1 hr 33 min,Limited,2024,825
Whiplash,"Sep 20, 2024",Drama|Music,R,Sony Pictures Releasing,,,,571543,695,695,1 hr 46 min,Limited,2024,826
Wolfs,"Sep 20, 2024",Comedy|Crime|Thriller,R,Columbia Pictures,,,,,,,1 hr 48 min,Limited,2024,827
Super/Man: The Christopher Reeve Story,"Sep 21, 2024",Biography|Documentary,PG-13,Fathom Events,,,,,,,1 hr 44 min,Limited,2024,828
Raye - My 21st Century Symphony,"Sep 24, 2024",Music,,Abramorama,,,,,,1,,Limited,2024,829
Devara Part 1,"Sep 26, 2024",Action|Adventure|Drama|Thriller,,Prathyangira Cinemas,,,,5600000,1040,1040,2 hr 56 min,Limited,2024,830
Howl's Moving Castle,"Sep 26, 2024",Adventure|Animation|Family|Fantasy,PG,Fathom Events,,,,2109935,1592,1592,1 hr 59 min,Wide,2024,831
One Hand Clapping,"Sep 26, 2024",Documentary|Music,,Trafalgar Releasing,,,,,,,1 hr 7 min,Limited,2024,832
Azrael,"Sep 27, 2024",Action|Horror,R,Shudder,,,,282719,762,762,1 hr 26 min,Wide,2024,833
Bagman,"Sep 27, 2024",Horror,PG-13,Lionsgate,,,,,,,1 hr 33 min,Limited,2024,834
Empire Waist,"Sep 27, 2024",Comedy|Drama,PG-13,Blue Fox Entertainment,,,,,,,1 hr 37 min,Wide,2024,835
Haunted Heart,"Sep 27, 2024",Romance|Thriller,,Vantage Media,,,,,,,2 hr 8 min,Wide,2024,836
"I, the Executioner","Sep 27, 2024",Action|Adventure|Comedy|Crime|Thriller,,Blue Fox Entertainment,,,,124099,53,53,1 hr 58 min,Limited,2024,837
Lee,"Sep 27, 2024",Biography|Drama|History|War,R,Roadside Attractions,,,,713255,854,854,1 hr 57 min,Limited,2024,838
Megalopolis,"Sep 27, 2024",Drama|Fantasy|Sci-Fi,R,Lionsgate,,,,4007797,1854,1854,2 hr 18 min,Wide,2024,839
Sleep,"Sep 27, 2024",Horror|Mystery|Thriller,,Magnolia Pictures,,,,11170,25,25,1 hr 35 min,Limited,2024,840
The Universal Theory,"Sep 27, 2024",Drama|Mystery|Thriller,,Oscilloscope,,,,1981,1,1,1 hr 58 min,Limited,2024,841
The Wild Robot,"Sep 27, 2024",Adventure|Animation|Family|Sci-Fi,PG,Universal Pictures,,,,35790150,3962,3997,1 hr 42 min,Wide,2024,842
Vindicating Trump,"Sep 27, 2024",Documentary,PG-13,SDG Releasing,,,,774874,813,813,1 hr 36 min,Limited,2024,843
Dazed and Confused,"Sep 29, 2024",Comedy,R,Focus Features,,,,,,,1 hr 43 min,Limited,2024,844
¡Casa Bonita Mi Amor!,"Sep 6, 2024",Documentary,,MTV Documentary Films,,,,21750,1,18,1 hr 28 min,Limited,2024,845
A New York Story,"Sep 6, 2024",Drama,,Vertical Entertainment,,,,,,,1 hr 36 min,Limited,2024,846
Beetlejuice Beetlejuice,"Sep 6, 2024",Comedy|Fantasy|Horror,PG-13,Warner Bros.,,,,111003345,4575,4575,1 hr 45 min,Limited,2024,847
Let Them Breathe: City on the Ocean,"Sep 6, 2024",Animation|Drama,,Atlas Distribution Company,,,,,,,1 hr 52 min,Limited,2024,848
Look Into My Eyes,"Sep 6, 2024",Documentary,R,A24,,,,,,,1 hr 45 min,Limited,2024,849
Red Rooms,"Sep 6, 2024",Crime|Horror|Mystery|Thriller,,Utopia,,,,36441,50,52,1 hr 58 min,Limited,2024,850
The Cowboy and the Queen,"Sep 6, 2024",Biography|Documentary,,Greenwich Entertainment,,,,5336,4,20,1 hr 25 min,Limited,2024,851
The Front Room,"Sep 6, 2024",Horror|Thriller,R,A24,,,,1585440,2095,2095,1 hr 34 min,Wide,2024,852
The Mother of All Lies,"Sep 6, 2024",Biography|Documentary|Drama|History,,Outsider Pictures,,,,,,,1 hr 36 min,Limited,2024,853
The Paragon,"Sep 6, 2024",Comedy,,Music Box Films,,,,3786,6,6,1 hr 25 min,Limited,2024,854
The Thicket,"Sep 6, 2024",Crime|Drama|Western,R,The Samuel Goldwyn Company,,,,,,,1 hr 45 min,Limited,2024,855
Unknown Title,"Sep 6, 2024",,,Walt Disney Studios Motion Pictures,,,,,,,,Limited,2024,856
A Mistake,"September 20, 2024",Drama|Thriller,,Quiver Distribution,,,,,,,1 hr 41 min,Limited,2024,857
Eureka,"September 20, 2024",Drama|Western,,Film Movement,,,,,,,2 hr 27 min,Limited,2024,858
Happy Clothes: A Film About Patricia Field,"September 20, 2024",Documentary,,Greenwich Entertainment,,,,,,,1 hr 40 min,Limited,2024,859
In the Summers,"September 20, 2024",Drama,,Music Box Films,,,,,,,1 hr 35 min,Limited,2024,860
Lumina,"September 20, 2024",Adventure|Horror|Sci-Fi,,Goldove Entertainment,,,,,,,1 hr 53 min,Wide,2024,861
My Dearest Fu Bao,"September 20, 2024",Documentary,,Well Go USA Entertainment,,,,,,,1 hr 34 min,Limited,2024,862
Saturday Night,"September 27, 2024",Biography|Comedy|Drama|History,R,Sony Pictures Releasing,,,,270487,5,2336,1 hr 49 min,Limited,2024,863
