"순위","영화명","개봉일","매출액","매출액 점유율","관객수","스크린수","상영횟수","대표국적","국적","배급사"
"1","극한직업","2019-01-23","139651845516","0.147","16265618","2003","292584","한국","한국","(주)씨제이이엔엠"
"2","기생충","2019-05-30","85883963645","0.091","10085275","1948","192855","한국","한국","(주)씨제이이엔엠"
"3","엑시트","2019-07-31","79232012162","0.084","9426011","1660","202223","한국","한국","(주)씨제이이엔엠"
"4","백두산","2019-12-19","52905789770","0.055999999999999994","6290502","1971","99915","한국","한국","(주)씨제이이엔엠,(주)덱스터스튜디오"
"5","봉오동 전투","2019-08-07","40588648538","0.043","4787538","1476","107030","한국","한국","(주)쇼박스"
"6","나쁜 녀석들: 더 무비","2019-09-11","39560195124","0.042","4573902","1511","113938","한국","한국","(주)씨제이이엔엠"
"7","82년생 김지영","2019-10-23","30298542310","0.032","3678156","1486","145441","한국","한국","롯데컬처웍스(주)롯데엔터테인먼트"
"8","돈","2019-03-20","28870234062","0.03","3389123","1431","120808","한국","한국","(주)쇼박스"
"9","악인전","2019-05-15","29133760150","0.031","3364712","1307","97351","한국","한국","(주)에이스메이커무비웍스,(주)키위미디어그룹"
"10","가장 보통의 연애","2019-10-02","24885803430","0.026000000000000002","2924563","1073","111527","한국","한국","(주)넥스트엔터테인먼트월드(NEW)"
"11","말모이","2019-01-09","23685091520","0.025","2812877","1203","87591","한국","한국","롯데컬처웍스(주)롯데엔터테인먼트"
"12","증인","2019-02-13","20482789331","0.022000000000000002","2534748","1047","89564","한국","한국","롯데컬처웍스(주)롯데엔터테인먼트"
"13","시동","2019-12-18","21236477800","0.022000000000000002","2525986","1515","58603","한국","한국","(주)넥스트엔터테인먼트월드(NEW)"
"14","블랙머니","2019-11-13","20863134010","0.022000000000000002","2478964","1141","77469","한국","한국","(주)에이스메이커무비웍스"
"15","사바하","2019-02-20","20007508194","0.021","2398519","1174","78096","한국","한국","(주)씨제이이엔엠"
"16","타짜: 원 아이드 잭","2019-09-11","19687029214","0.021","2229239","1429","66479","한국","한국","롯데컬처웍스(주)롯데엔터테인먼트"
"17","신의 한 수: 귀수편","2019-11-07","18463776050","0.019","2157437","1246","82178","한국","한국","(주)씨제이이엔엠"
"18","내안의 그놈","2019-01-09","16302228567","0.017","1902828","1041","61683","한국","한국","(주)메리크리스마스,TCO(주)더콘텐츠온"
"19","뺑반","2019-01-30","15224305848","0.016","1826912","1285","47215","한국","한국","(주)쇼박스"
"20","변신","2019-08-21","15417922925","0.016","1804112","975","63211","한국","한국","(주)에이스메이커무비웍스"
"21","걸캅스","2019-05-09","13812802134","0.015","1629528","973","63163","한국","한국","(주)씨제이이엔엠"
"22","사자","2019-07-31","12931566145","0.013999999999999999","1611163","1405","47683","한국","한국","롯데컬처웍스(주)롯데엔터테인먼트"
"23","나의 특별한 형제","2019-05-01","12081618074","0.013000000000000001","1478156","936","49927","한국","한국","(주)넥스트엔터테인먼트월드(NEW)"
"24","유열의 음악앨범","2019-08-28","10233455040","0.011000000000000001","1245532","1078","59626","한국","한국","CGV아트하우스"
"25","퍼펙트맨","2019-10-02","10311352770","0.011000000000000001","1240022","894","50055","한국","한국","(주)쇼박스"
"26","생일","2019-04-03","9884349740","0.01","1197463","878","71788","한국","한국","(주)넥스트엔터테인먼트월드(NEW)"
"27","힘을 내요, 미스터 리","2019-09-11","9930518906","0.01","1181960","990","41831","한국","한국","(주)넥스트엔터테인먼트월드(NEW)"
"28","장사리 : 잊혀진 영웅들","2019-09-25","8997921050","0.009000000000000001","1140876","1090","47821","한국","한국","워너브러더스 코리아(주)"
"29","롱 리브 더 킹: 목포 영웅","2019-06-19","9228798910","0.01","1094404","965","38839","한국","한국","메가박스중앙(주) 플러스엠 엔터테인먼트,(주)콘텐츠지오"
"30","천문: 하늘에 묻는다","2019-12-26","7808242950","0.0080","965624","1198","25734","한국","한국","롯데컬처웍스(주)롯데엔터테인먼트"
"31","나랏말싸미","2019-07-24","7871240823","0.0080","958775","1211","39206","한국","한국","메가박스중앙(주) 플러스엠 엔터테인먼트"
"32","레드슈즈","2019-07-25","6103833190","0.0060","817729","717","20376","한국","한국","(주)넥스트엔터테인먼트월드(NEW)"
"33","뽀로로 극장판 보물섬 대모험","2019-04-25","5886053400","0.0060","766801","797","20067","한국","한국","(주)넥스트엔터테인먼트월드(NEW)"
"34","신비아파트 극장판 하늘도깨비 대 요르문간드","2019-12-19","5299942440","0.0060","672122","841","13762","한국","한국","(주)씨제이이엔엠"
"35","나를 찾아줘","2019-11-27","5117014620","0.0050","645082","875","29475","한국","한국","워너브러더스 코리아(주)"
"36","광대들: 풍문조작단","2019-08-21","5228976088","0.0060","637461","806","29048","한국","한국","워너브러더스 코리아(주)"
"37","극장판 헬로카봇 : 달나라를 구해줘!","2019-09-04","4579618150","0.0050","590413","889","20852","한국","한국","롯데컬처웍스(주)롯데엔터테인먼트"
"38","극장판 헬로카봇: 옴파로스 섬의 비밀","2019-01-31","4485953140","0.0050","575362","752","15827","한국","한국","(주)넥스트엔터테인먼트월드(NEW)"
"39","양자물리학","2019-09-25","4536436380","0.0050","554939","799","25296","한국","한국","(주)메리크리스마스"
"40","PMC: 더 벙커","2018-12-26","4320591057","0.0050","492517","893","23116","한국","한국","(주)씨제이이엔엠"
"41","감쪽같은 그녀","2019-12-04","3594862790","0.0040","469296","761","24843","한국","한국","메가박스중앙(주) 플러스엠 엔터테인먼트"
"42","극장판 공룡메카드: 타이니소어의 섬","2019-01-10","3140220420","0.0030","410132","763","15121","한국","한국","(주)넥스트엔터테인먼트월드(NEW)"
"43","러브 유어셀프 인 서울","2019-01-26","3209682900","0.0030","342366","224","4535","한국","한국","씨제이 씨지브이(CJ CGV)(주)"
"44","브링 더 소울 : 더 무비","2019-08-07","2902500310","0.0030","336074","569","10199","한국","한국","씨지브이 아이스콘,월트디즈니컴퍼니코리아 유한책임회사"
"45","미성년","2019-04-11","2494544650","0.0030","293341","673","27311","한국","한국","(주)쇼박스"
"46","배심원들","2019-05-15","2306806090","0.0020","288579","784","20271","한국","한국","CGV아트하우스"
"47","기방도령","2019-07-10","2330230190","0.0020","287053","625","16652","한국","한국","판씨네마(주)"
"48","기묘한 가족","2019-02-13","2121514275","0.0020","263598","625","15314","한국","한국","메가박스중앙(주) 플러스엠 엔터테인먼트"
"49","악질경찰","2019-03-20","2256615278","0.0020","262233","833","22785","한국","한국","워너브러더스 코리아(주)"
"50","스윙키즈","2018-12-19","1786104690","0.0020","214314","587","10010","한국","한국","(주)넥스트엔터테인먼트월드(NEW)"
"51","어린 의뢰인","2019-05-22","1686149600","0.0020","204259","671","17416","한국","한국","롯데컬처웍스(주)롯데엔터테인먼트"
"52","비스트","2019-06-26","1606470590","0.0020","203042","737","12404","한국","한국","(주)넥스트엔터테인먼트월드(NEW)"
"53","언니","2019-01-01","1746373250","0.0020","197134","530","11315","한국","한국","(주)제이앤씨미디어그룹,TCO(주)더콘텐츠온"
"54","언더독","2019-01-16","1494957830","0.0020","195183","612","10774","한국","한국","(주)넥스트엔터테인먼트월드(NEW)"
"55","우상","2019-03-20","1581839728","0.0020","183784","900","18545","한국","한국","CGV아트하우스"
"56","두번할까요","2019-10-17","1457648120","0.0020","176019","658","16244","한국","한국","(주)리틀빅픽쳐스"
"57","점박이 한반도의 공룡2 : 새로운 낙원","2018-12-25","1352205400","0.0010","174833","581","6089","한국","한국","(주)넥스트엔터테인먼트월드(NEW)"
"58","자전차왕 엄복동","2019-02-27","1304861670","0.0010","172212","624","11245","한국","한국","(주)셀트리온엔터테인먼트"
"59","진범","2019-07-10","1430365000","0.0020","168119","224","8819","한국","한국","(주)리틀빅픽쳐스"
"60","0.0MHz","2019-05-29","1088258860","0.0010","137294","446","5998","한국","한국","(주)스마일이엔티"
"61","암전","2019-08-15","933064215","0.0010","105574","423","5127","한국","한국","TCO(주)더콘텐츠온"
"62","크게 될 놈","2019-04-18","781972420","0.0010","102374","447","7901","한국","한국","(주)영화사오원"
"63","그대 이름은 장미","2019-01-16","735782970","0.0010","88054","540","7704","한국","한국","(주)리틀빅픽쳐스"
"64","극장판 반지의 비밀일기","2019-09-11","550043170","0.0010","68339","459","3602","한국","한국","(주)영화사 빅,(주)버킷스튜디오"
"65","왓칭","2019-04-17","463512262","0.0","55366","488","8514","한국","한국","(주)리틀빅픽쳐스"
"66","마약왕","2018-12-19","437722390","0.0","50482","426","3795","한국","한국","(주)쇼박스"
"67","썬키스 패밀리","2019-03-27","245549900","0.0","31742","417","4922","한국","한국","메가박스중앙(주) 플러스엠 엔터테인먼트"
"68","캐리tv 러브콘서트 더 무비","2019-08-07","230599700","0.0","29277","155","1538","한국","한국","롯데컬처웍스(주)롯데엔터테인먼트"
"69","BIFAN2019 판타스틱 단편 걸작선 1","","150000000","0.0","25000","5","125","한국","한국",""
"70","얼굴없는 보스","2019-11-21","199801000","0.0","23711","293","2784","한국","한국","(주)박수엔터테인먼트"
"71","극장판 샤이닝스타:새로운 루나퀸의 탄생!","2019-07-18","129098700","0.0","15785","117","1106","한국","한국","(주)리틀빅픽쳐스"
"72","해치지않아","2020-01-15","128233000","0.0","15037","79","82","한국","한국","(주)에이스메이커무비웍스"
"73","웃는남자 감독판","2019-11-29","172341000","0.0","13087","19","287","한국","한국","(주)디지컴코리아엠앤엠"
"74","클래식","2003-01-30","44008800","0.0","7726","38","225","한국","한국","(주)시네마서비스,(주)씨제이이엔엠"
"75","집으로...","2002-04-04","60885500","0.0","7487","51","810","한국","한국","(주)나이너스엔터테인먼트,(주)팝엔터테인먼트,씨제이엔터테인먼트"
"76","국가부도의 날","2018-11-28","47453700","0.0","7281","27","273","한국","한국","(주)씨제이이엔엠"
"77","살인의 추억","2003-04-25","30152400","0.0","4221","60","621","한국","한국","씨제이엔터테인먼트"
"78","불한당: 나쁜 놈들의 세상","2017-05-17","37697400","0.0","4054","13","165","한국","한국","(주)씨제이이엔엠"
"79","노리개: 그녀의 눈물","2019-06-13","28206250","0.0","3664","50","484","한국","한국","(주)제이앤씨미디어그룹"
"80","공포체험단 곤지암편","2019-07-19","17285500","0.0","3282","27","191","한국","한국","(주)쇼박스"
"81","마더","2009-05-28","18104200","0.0","2148","7","90","한국","한국","(주)씨제이이엔엠"
"82","설국열차","2013-08-01","14389000","0.0","2097","47","475","한국","한국,체코","(주)씨제이이엔엠"
"83","몬테크리스토","2019-11-14","26167000","0.0","2056","14","150","한국","한국","(주)비프로"
"84","신세계","2013-02-21","10899700","0.0","1957","22","133","한국","한국","(주)넥스트엔터테인먼트월드(NEW)"
"85","도어락","2018-12-05","11059600","0.0","1642","15","104","한국","한국","메가박스중앙(주) 플러스엠 엔터테인먼트"
"86","마당을 나온 암탉","2011-07-28","9227500","0.0","1586","28","133","한국","한국","메가박스중앙(주),롯데쇼핑㈜롯데엔터테인먼트"
"87","오늘도 위위","2019-10-17","11681460","0.0","1416","40","234","한국","한국","(주)영화사오원"
"88","아직 사랑하고 있습니까?","2019-12-04","10825340","0.0","1398","38","262","한국","한국","(주)디스테이션"
"89","접속","1997-09-13","8596100","0.0","1397","26","103","한국","한국",""
"90","신과함께-인과 연","2018-08-01","11528500","0.0","1354","11","61","한국","한국","롯데컬처웍스(주)롯데엔터테인먼트"
"91","번지점프를 하다","2001-02-02","7504300","0.0","1328","26","110","한국","한국","(주)넥스트엔터테인먼트월드(NEW),이언픽쳐스,브에나비스타인터내셔널코리아"
"92","무정","","2550000","0.0","1275","1","18","한국","한국",""
"93","제 15회 성균관대학교 영상학과 졸업영상제 TeenScreen","","5076000","0.0","1269","1","9","한국","한국",""
"94","더하우스","2019-12-12","7631000","0.0","1245","48","75","한국","한국","(주)이놀미디어"
"95","아이 캔 스피크","2017-09-21","6249000","0.0","1199","3","13","한국","한국","(주)마노엔터테인먼트,롯데쇼핑㈜롯데엔터테인먼트,(주)리틀빅픽쳐스"
"96","(2019최강애니전) 소녀이야기","","5402000","0.0","1178","2","11","한국","한국",""
"97","SIFF2019-개막식","","7497000","0.0","1071","1","3","한국","한국",""
"98","안나 카레니나","2018-06-29","12991000","0.0","1048","5","36","한국","한국","(주)비프로"
"99","인목대비","","2026000","0.0","1013","1","15","한국","한국",""
"100","내부자들","2015-11-19","5647500","0.0","1009","32","127","한국","한국","(주)쇼박스"
"101","공작","2018-08-08","6839640","0.0","997","22","121","한국","한국","(주)씨제이이엔엠"
"102","미스터 주: 사라진 VIP","2020-01-22","6492000","0.0","940","2","5","한국","한국","메가박스중앙(주) 플러스엠 엔터테인먼트,(주)리틀빅픽쳐스"
"103","범죄의 재구성","2004-04-15","5243800","0.0","938","25","106","한국","한국","(주)쇼박스"
"104","미쓰백","2018-10-11","7622000","0.0","928","2","11","한국","한국","(주)리틀빅픽쳐스"
"105","강화도령","","1850000","0.0","925","1","12","한국","한국",""
"106","수상한 그녀","2014-01-22","4418000","0.0","868","2","13","한국","한국","(주)씨제이이엔엠"
"107","런닝맨 : 풀룰루의 역습","2018-12-05","6987000","0.0","865","3","14","한국","한국","(주)넥스트엔터테인먼트월드(NEW)"
"108","도둑들","2012-07-25","5111200","0.0","851","31","76","한국","한국,홍콩","(주)쇼박스"
"109","무뢰한","2015-05-27","8212000","0.0","847","7","14","한국","한국","CGV아트하우스"
"110","안시성","2018-09-19","6672000","0.0","834","2","5","한국","한국","(주)넥스트엔터테인먼트월드(NEW)"
"111","2019 한국영화아카데미 35기 졸업영화제 개막작","","3200000","0.0","800","1","5","한국","한국",""
"112","와룡선생 상경기","","1580000","0.0","790","1","20","한국","한국",""
"113","부산행","2016-07-20","4758500","0.0","788","19","173","한국","한국","(주)넥스트엔터테인먼트월드(NEW)"
"114","인천상륙작전","2016-07-27","6635000","0.0","762","2","3","한국","한국","(주)씨제이이엔엠"
"115","협객 김두한","1975-06-05","1500000","0.0","750","1","15","한국","한국",""
"116","귀신의 향기","2019-07-03","5295500","0.0","748","17","150","한국","한국","(주)스튜디오후크"
"117","부당거래","2010-10-28","4113600","0.0","745","15","89","한국","한국","씨제이엔터테인먼트"
"118","완벽한 타인","2018-10-31","6169400","0.0","719","7","20","한국","한국","롯데컬처웍스(주)롯데엔터테인먼트"
"119","백사부인","1960-10-02","1408000","0.0","704","1","15","한국","한국",""
"120","2019 한국영화아카데미 35기 졸업영화제 섹션A","","2697500","0.0","695","1","6","한국","한국",""
"121","2019 한국영화아카데미 35기 졸업영화제 섹션B","","2695000","0.0","694","1","6","한국","한국",""
"122","2019 한국영화아카데미 35기 졸업영화제 섹션C","","2690000","0.0","692","1","6","한국","한국",""
"123","삼일천하","1973-02-15","1352000","0.0","676","1","12","한국","한국",""
"124","감시자들","2013-07-03","6714500","0.0","660","10","38","한국","한국","(주)넥스트엔터테인먼트월드(NEW)"
"125","암행어사와 흑두건","","1312000","0.0","656","1","18","한국","한국",""
"125","국제시장","2014-12-17","4359000","0.0","656","1","6","한국","한국","(주)씨제이이엔엠"
"125","꿈","1955-01-16","1312000","0.0","656","1","15","한국","한국",""
"128","정의심판","2019-10-17","5772000","0.0","652","2","20","한국","한국","프로젝트 엔터테인먼트 제작사"
"129","리틀 포레스트","2018-02-28","5047000","0.0","642","4","9","한국","한국","메가박스중앙(주) 플러스엠 엔터테인먼트"
"130","MSFF2019 폐막작(폐막식용)","","3624000","0.0","604","2","3","한국","한국",""
"131","허스토리","2018-06-27","3250000","0.0","602","3","8","한국","한국","(주)넥스트엔터테인먼트월드(NEW)"
"132","MSFF2019 희극지왕 1","","3558600","0.0","598","1","3","한국","한국",""
"133","MSFF2019 4만번의 구타 2","","3524400","0.0","595","1","3","한국","한국",""
"134","MSFF2019 사랑에 관한 짧은 필름 2","","3501000","0.0","587","1","3","한국","한국",""
"135","MSFF2019 희극지왕 3","","3463400","0.0","584","1","3","한국","한국",""
"136","덕구","2018-04-05","3432000","0.0","578","2","10","한국","한국","메가박스중앙(주) 플러스엠 엔터테인먼트"
"137","MSFF2019 희극지왕 2","","3412800","0.0","572","1","3","한국","한국",""
"138","MSFF2019 사랑에 관한 짧은 필름 1","","3354400","0.0","564","1","3","한국","한국",""
"139","장수상회","2015-04-09","2800000","0.0","560","1","3","한국","한국","(주)씨제이이엔엠"
"140","MSFF2019 4만번의 구타 1","","3305400","0.0","557","1","3","한국","한국",""
"141","MSFF2019 사랑에 관한 짧은 필름 3","","3306000","0.0","552","1","3","한국","한국",""
"142","MSFF2019 비정성시 1","","3280200","0.0","551","1","3","한국","한국",""
"143","동주","2016-02-17","5575000","0.0","550","1","5","한국","한국","메가박스중앙(주) 플러스엠 엔터테인먼트"
"144","로드킬","2019-02-21","4239100","0.0","542","17","51","한국","한국","(주)갤럭시컴퍼니"
"145","1월 단편 상상극장-더 비기닝","","4248000","0.0","531","1","7","한국","한국",""
"146","브레이크","","2562000","0.0","528","3","5","한국","한국",""
"147","MSFF2019 비정성시 2","","3127800","0.0","524","1","3","한국","한국",""
"148","콩쥐별전 - 전주성의 비밀","2019-07-27","2776000","0.0","519","4","77","한국","한국","유한회사 올빼미하우스"
"149","MSFF2019 비정성시 3","","3092400","0.0","518","1","3","한국","한국",""
"150","혈투","2011-02-24","1030000","0.0","515","1","11","한국","한국","(주)싸이더스"
"151","진시황제와 만리장성","","970000","0.0","505","1","13","한국","한국",""
"152","MSFF2019 비정성시 4","","2854800","0.0","481","1","3","한국","한국",""
"153","비트","1997-05-03","4040600","0.0","476","7","36","한국","한국","(주)싸이더스"
"154","택시운전사","2017-08-02","2457000","0.0","459","16","55","한국","한국","(주)쇼박스"
"155","착한 엄마: 아버지의 여자를 탐하다","2019-06-24","2571000","0.0","451","19","20","한국","한국","(주)소나무픽쳐스"
"156","내 엄마의 친구 2","2019-04-12","2596000","0.0","440","25","26","한국","한국","(주)소나무픽쳐스"
"157","그것만이 내 세상","2018-01-17","2680000","0.0","419","1","5","한국","한국","(주)씨제이이엔엠"
"158","MSFF2019 절대악몽 3","","2228500","0.0","375","1","2","한국","한국",""
"159","MSFF2019 낯선 것의 방문","","2173200","0.0","363","1","2","한국","한국",""
"160","비밥바룰라","2018-01-24","1785000","0.0","355","2","5","한국","한국","(주)키다리이엔티"
"161","MSFF2019 절대악몽 1","","2032500","0.0","340","1","2","한국","한국",""
"162","새엄마 2019","2019-11-25","1881000","0.0","336","21","21","한국","한국","(주)소나무픽쳐스"
"163","[KQFF] 국내단편1:우당탕탕 퀴어들","","2672000","0.0","334","1","2","한국","한국",""
"164","적도의 꽃","1983-10-29","714000","0.0","327","1","9","한국","한국",""
"165","육체의 약속","1975-07-26","646000","0.0","323","1","8","한국","한국",""
"166","AISFF 2019 국내경쟁 그룹1","","1347000","0.0","319","1","2","한국","한국",""
"167","광해, 왕이 된 남자","2012-09-13","3140700","0.0","317","1","13","한국","한국","(주)씨제이이엔엠"
"168","AISFF 2019 국내경쟁 그룹2","","1329000","0.0","314","1","2","한국","한국",""
"168","AISFF 2019 국내경쟁 그룹3","","1333000","0.0","314","1","2","한국","한국",""
"170","MSFF2019 절대악몽 2","","1845000","0.0","312","1","2","한국","한국",""
"171","창궐","2018-10-25","2464000","0.0","308","2","2","한국","한국","(주)넥스트엔터테인먼트월드(NEW)"
"171","곤지암","2018-03-28","2042000","0.0","308","11","76","한국","한국","(주)쇼박스,씨제이포디플렉스 주식회사"
"173","MSFF2019 전년도수상작 1","","1762800","0.0","295","1","2","한국","한국",""
"174","AISFF 2019 뉴필름메이커 그륩1","","1201000","0.0","290","1","1","한국","한국",""
"175","악인이여 지옥행 열차를 타라","1977-01-28","584000","0.0","287","1","8","한국","한국",""
"176","베테랑","2015-08-05","1592000","0.0","284","34","67","한국","한국","(주)씨제이이엔엠"
"177","7번방의 선물","2013-01-23","1529000","0.0","279","12","36","한국","한국","(주)넥스트엔터테인먼트월드(NEW)"
"178","신과함께-죄와 벌","2017-12-20","1547500","0.0","273","12","53","한국","한국","롯데쇼핑㈜롯데엔터테인먼트"
"179","진짜 진짜 잊지마","1976-02-14","545000","0.0","270","1","10","한국","한국",""
"179","흑룡강","1976-10-09","540000","0.0","270","1","8","한국","한국",""
"179","아가씨 참으세요","1981-09-19","540000","0.0","270","1","8","한국","한국",""
"182","SIFF2019-경쟁단편3","","1883000","0.0","269","1","3","한국","한국",""
"182","플란다스의 개","2000-02-19","2272200","0.0","269","1","4","한국","한국","(주)시네마서비스"
"184","2019 중앙영화제 GLIMPSE 섹션","","1528000","0.0","268","2","3","한국","한국",""
"185","소림천하","1978-11-04","534000","0.0","267","1","8","한국","한국",""
"186","더 킹","2017-01-18","3488000","0.0","266","1","2","한국","한국","(주)넥스트엔터테인먼트월드(NEW)"
"187","엄마 애인 3","2019-05-23","1348000","0.0","256","20","39","한국","한국","(주)컨텐츠 빌리지"
"188","제 15회 성균관대학교 영상학과 졸업영상제 ROAD 7","","1020000","0.0","255","1","3","한국","한국",""
"188","제 15회 성균관대학교 영상학과 졸업영상제 ROAD 4","","1020000","0.0","255","1","3","한국","한국",""
"188","2019 한국영화아카데미 35기 졸업영화제 실습1","","961500","0.0","255","1","4","한국","한국",""
"188","제 15회 성균관대학교 영상학과 졸업영상제 ROAD 8","","1020000","0.0","255","1","3","한국","한국",""
"188","제 15회 성균관대학교 영상학과 졸업영상제 ROAD 6","","1020000","0.0","255","1","3","한국","한국",""
"188","제 15회 성균관대학교 영상학과 졸업영상제 ROAD 1","","1020000","0.0","255","1","3","한국","한국",""
"188","제 15회 성균관대학교 영상학과 졸업영상제 ROAD 2","","1020000","0.0","255","1","3","한국","한국",""
"188","제 15회 성균관대학교 영상학과 졸업영상제 ROAD 3","","1020000","0.0","255","1","3","한국","한국",""
"196","구름은 흘러도","","386000","0.0","251","1","4","한국","한국",""
"197","건축학개론","2012-03-22","3369000","0.0","250","1","2","한국","한국","롯데쇼핑㈜롯데엔터테인먼트"
"197","음란 과외 2","2019-05-23","1341000","0.0","250","20","39","한국","한국","(주)컨텐츠 빌리지"
"199","아빠와 딸","2019-06-07","1407000","0.0","248","20","20","한국","한국","(주)디에이치미디어"
"200","새엄마들 2019","2019-07-23","1289000","0.0","245","21","21","한국","한국","(주)소나무픽쳐스"
"200","어우동과 춘향뎐","2019-08-09","1184000","0.0","245","20","21","한국","한국","(주)케이알씨지"
"200","MSFF2019 전년도수상작 2","","1470000","0.0","245","1","2","한국","한국",""
"200","어린 엄마의 비밀","2019-07-18","1184000","0.0","245","20","21","한국","한국","(주)케이알씨지"
"200","누나의 속사정","2019-07-17","1184000","0.0","245","20","21","한국","한국","(주)케이알씨지"
"205","그녀의 하드코어-무삭제판","2019-03-21","1183000","0.0","244","20","20","한국","한국","(주)케이알씨지"
"205","엄마 친구의 떡 선물-무삭제판","2019-03-28","1183000","0.0","244","20","20","한국","한국","(주)케이알씨지"
"205","친구엄마 그리고 정사-무삭제판","2019-01-30","1183000","0.0","244","20","20","한국","한국","(주)케이알씨지"
"205","조선음란기방 옥미향 명기열전","2019-01-03","1183000","0.0","244","20","20","한국","한국","(주)케이알씨지"
"205","매일 죽는 남자","1981-02-14","488000","0.0","244","1","8","한국","한국",""
"205","어린동생-무삭제","2019-03-28","1183000","0.0","244","20","20","한국","한국","(주)케이알씨지"
"205","이웃집 형수-무삭제","2019-04-16","1183000","0.0","244","19","20","한국","한국","(주)케이알씨지"
"205","최음섹스","2019-11-08","1183000","0.0","244","20","20","한국","한국","(주)케이알씨지"
"205","음란야도","2019-09-05","1183000","0.0","244","20","20","한국","한국","(주)케이알씨지"
"205","젊은엄마 그리고 섹스","2019-08-29","1183000","0.0","244","20","20","한국","한국","(주)케이알씨지"
"205","아내의 친구","2019-09-12","1183000","0.0","244","20","20","한국","한국","(주)케이알씨지"
"205","정사 그녀의 언니","2019-12-27","1183000","0.0","244","20","20","한국","한국","(주)케이알씨지"
"205","옆집 누나의 성물","2019-12-27","1183000","0.0","244","20","20","한국","한국","(주)케이알씨지"
"205","어린 아가씨","2019-09-05","1183000","0.0","244","20","20","한국","한국","(주)케이알씨지"
"219","조선음란기방 옥미향","","1178000","0.0","243","19","19","한국","한국","(주)케이알씨지"
"219","야광","","1664000","0.0","243","1","8","한국","한국",""
"219","착한처제 2019","2019-10-25","1290000","0.0","243","20","20","한국","한국","(주)소나무픽쳐스"
"222","SIFF2019-경쟁단편1","","1681000","0.0","240","1","3","한국","한국",""
"223","2019 한국영화아카데미 35기 졸업영화제 실습2","","921500","0.0","239","1","4","한국","한국",""
"224","SIDOF2019_SFdrome: 주세죽/눈의 마음: 이후/스윗 골든 키위","","1334000","0.0","236","1","2","한국","한국",""
"225","호우시절","2009-10-08","1934000","0.0","235","6","28","한국","한국,중국","(주)넥스트엔터테인먼트월드(NEW)"
"226","극장판 헬로카봇 : 백악기 시대","2018-08-01","1623000","0.0","233","1","5","한국","한국","(주)넥스트엔터테인먼트월드(NEW)"
"226","단편섹션 1 (이주영 배우전)","","1165000","0.0","233","1","3","한국","한국",""
"228","암수살인","2018-10-03","3182500","0.0","232","1","1","한국","한국","(주)쇼박스"
"229","변호인","2013-12-18","2295000","0.0","231","1","3","한국","한국","(주)넥스트엔터테인먼트월드(NEW)"
"230","SIFF2019-선택단편3","","1602000","0.0","229","1","3","한국","한국",""
"230","티켓다방 2","2019-12-26","1114000","0.0","229","20","20","한국","한국","(주)컨텐츠 빌리지"
"232","SIFF2019-경쟁단편2","","1600000","0.0","228","1","3","한국","한국",""
"232","비룡문","","456000","0.0","228","1","9","한국","한국",""
"234","왕자 호동","","422000","0.0","227","1","14","한국","한국",""
"234","MSFF2019 전년도수상작 3","","1362000","0.0","227","1","2","한국","한국",""
"236","판도라","2016-12-07","1561000","0.0","223","1","2","한국","한국","(주)넥스트엔터테인먼트월드(NEW)"
"236","사회생활","","1275500","0.0","223","1","6","한국","한국",""
"238","SIFF2019-특별단편 1","","1547000","0.0","221","1","2","한국","한국",""
"238","명량","2014-07-30","1194500","0.0","221","19","48","한국","한국","(주)씨제이이엔엠"
"240","사랑방 손님과 어머니","","400000","0.0","220","1","6","한국","한국",""
"241","사돈 처녀 2","2019-09-05","1084000","0.0","219","20","20","한국","한국","(주)컨텐츠 빌리지"
"242","[KQFF] 국내단편2:퀴어한 삶들에게","","1728000","0.0","216","1","2","한국","한국",""
"243","어린 처형 2","2019-08-01","1497000","0.0","215","20","22","한국","한국","(주)컨텐츠 빌리지"
"244","SIDOF2019_모스크바 닭도리탕/오늘과 내일/94. 비디오 앨범/핑크페미","","1479300","0.0","214","1","2","한국","한국",""
"245","SIFF2019-경쟁단편4","","1494000","0.0","213","1","3","한국","한국",""
"246","장사의 꿈","1985-10-08","424000","0.0","212","1","8","한국","한국",""
"247","박열","2017-06-28","1125000","0.0","210","1","3","한국","한국","메가박스중앙(주) 플러스엠 엔터테인먼트"
"247","SIDOF2019_망치/75미터의 끝에서/유언","","1460000","0.0","210","1","2","한국","한국",""
"247","BJ노는이모","2019-12-02","1056000","0.0","210","20","20","한국","한국","(주)영화사히트"
"250","어린 식모","2019-09-19","990000","0.0","208","20","20","한국","한국","(주)나우콘텐츠"
"250","검은 비상선","","416000","0.0","208","1","18","한국","한국","(주)프리즘웍스"
"252","원정녀 1호의 사연","2019-09-24","1048000","0.0","207","20","20","한국","한국","(주)영화사히트"
"253","극한수업","2019-10-21","1039000","0.0","204","20","20","한국","한국","(주)영화사히트"
"254","젊은 미망인","2019-01-29","996000","0.0","196","20","21","한국","한국","(주)라온컴퍼니플러스"
"255","왕의 남자","2005-12-29","2115000","0.0","195","1","2","한국","한국","(주)시네마서비스"
"255","엄마 애인 2","2019-03-14","990000","0.0","195","20","20","한국","한국","(주)컨텐츠 빌리지"
"255","딸의 친구 4","2019-07-11","1012000","0.0","195","20","20","한국","한국","(주)컨텐츠 빌리지"
"258","형","2016-11-23","2328000","0.0","194","1","1","한국","한국","(주)씨제이이엔엠"
"258","7호실","2017-11-15","2328000","0.0","194","1","1","한국","한국","롯데쇼핑㈜롯데엔터테인먼트"
"258","다방엄마","2019-03-28","1425000","0.0","194","20","22","한국","한국","(주)투모션"
"261","단, 비 : 제20회 부산독립영화제 씨네보배 배급선정작 순회상영회","","1301000","0.0","193","1","4","한국","한국",""
"261","태풍을 일으킨 사나이","1975-11-06","386000","0.0","193","1","8","한국","한국",""
"261","어린 이모 2","2019-08-22","1413000","0.0","193","20","22","한국","한국","(주)컨텐츠 빌리지"
"264","관전녀","2019-10-10","1000000","0.0","191","20","20","한국","한국","(주)컨텐츠 빌리지"
"265","가슴 큰 여자친구","2019-03-08","978000","0.0","189","20","20","한국","한국","(주)담화"
"266","2019 중앙영화제 GAZE 섹션","","1128000","0.0","188","1","2","한국","한국",""
"266","2019 중앙영화제 GLANCE 섹션","","1128000","0.0","188","1","2","한국","한국",""
"266","2019 중앙영화제 GLARE 섹션","","1128000","0.0","188","1","2","한국","한국",""
"269","SIFF2019-선택단편1","","1308500","0.0","187","1","3","한국","한국",""
"269","바다의 사자들","1976-08-19","374000","0.0","187","1","8","한국","한국",""
"269","처제의 일기","2019-09-26","988000","0.0","187","20","20","한국","한국","(주)컨텐츠 빌리지"
"272","옆집 아가씨","2019-03-15","972000","0.0","186","20","20","한국","한국","(주)담화"
"272","막내 이모","2019-07-18","982000","0.0","186","20","20","한국","한국","(주)컨텐츠 빌리지"
"274","딸의 애인 3","2019-12-05","979000","0.0","184","20","20","한국","한국","(주)컨텐츠 빌리지"
"274","시월드","2019-06-21","918000","0.0","184","20","20","한국","한국","(주)메이크아트"
"274","보도드라이버: 풀코스","2019-06-14","1110000","0.0","184","20","21","한국","한국","(주)노바이앤티"
"277","친절한 금자씨","2005-07-29","2322500","0.0","183","1","1","한국","한국","씨제이엔터테인먼트"
"277","검은 사제들","2015-11-05","2012000","0.0","183","1","1","한국","한국","(주)씨제이이엔엠"
"279","나의 노래: 메아리","","1265300","0.0","182","1","3","한국","한국",""
"279","SIDOF2019_아빠가 죽으면 나는 어떡하지?/모래","","1278300","0.0","182","1","2","한국","한국",""
"281","내 여자의 남자들","2019-09-27","970000","0.0","181","20","20","한국","한국","(주)가온콘텐츠"
"282","막내 형수","2019-06-06","955000","0.0","180","20","20","한국","한국","(주)컨텐츠 빌리지"
"282","어린고모","2019-05-15","955000","0.0","180","20","20","한국","한국","(주)가온콘텐츠"
"284","딸의 애인 2","2019-01-30","958000","0.0","179","20","20","한국","한국","(주)컨텐츠 빌리지"
"285","해피엔드","1999-12-11","1475000","0.0","178","1","6","한국","한국",""
"285","음란한 모녀의 정사","2019-12-02","959000","0.0","178","20","20","한국","한국","(주)담화"
"285","첫경험 2","2019-08-08","961000","0.0","178","20","20","한국","한국","(주)컨텐츠 빌리지"
"285","막내 형수 2","2019-11-28","961000","0.0","178","20","20","한국","한국","(주)컨텐츠 빌리지"
"289","어린 누나 3","2019-05-02","948000","0.0","177","20","20","한국","한국","(주)컨텐츠 빌리지"
"289","번개맨의 비밀","2018-12-06","996000","0.0","177","1","3","한국","한국","(주)디스테이션"
"291","딸의 친구 3","2019-03-21","952000","0.0","176","20","20","한국","한국","(주)컨텐츠 빌리지"
"291","어린 엄마 3","2019-05-30","947000","0.0","176","20","20","한국","한국","(주)컨텐츠 빌리지"
"291","괴물","2006-07-27","1581000","0.0","176","1","2","한국","한국","(주)쇼박스"
"291","강남 며느리","2019-10-11","955000","0.0","176","20","20","한국","한국","영드래곤 미디어"
"295","관전남","2019-07-25","951000","0.0","175","20","20","한국","한국","(주)컨텐츠 빌리지"
"296","여배우: 섹스수업","2019-04-05","948000","0.0","174","20","20","한국","한국","(주)제이에이와이이엔터테인먼트"
"297","어린 형수 4","2019-01-04","946000","0.0","173","20","20","한국","한국","(주)컨텐츠 빌리지"
"297","형부를 탐하다","2019-04-10","951000","0.0","173","20","22","한국","한국","(주)가온콘텐츠"
"299","DIMA방송보도제작과 영상제 'ON-AIR' 1부 Prologue","","860000","0.0","172","1","1","한국","한국",""
"299","남편친구들","2019-05-08","938000","0.0","172","20","20","한국","한국","(주)가온콘텐츠"
"299","DIMA방송보도제작과 영상제 'ON-AIR' 2부 Epilogue","","860000","0.0","172","1","1","한국","한국",""
"299","유기농 섹드립 로맨스 ""오목리 미스킴""","2019-04-11","944000","0.0","172","20","20","한국","한국","(주)코빈커뮤니케이션즈"
"303","어린 엄마 2","2019-03-28","942000","0.0","171","20","20","한국","한국","(주)컨텐츠 빌리지"
"303","발기찬 처가살이","2019-02-12","942000","0.0","171","20","20","한국","한국","(주)가온콘텐츠"
"303","등산의 참맛","2019-01-15","942000","0.0","171","20","20","한국","한국","(주)라온컴퍼니플러스"
"306","제 15회 성균관대학교 영상학과 졸업영상제 ROAD 5","","680000","0.0","170","1","2","한국","한국",""
"306","제 15회 성균관대학교 영상학과 졸업영상제 ROAD 9","","680000","0.0","170","1","2","한국","한국",""
"306","상류시대","2019-01-03","943000","0.0","170","20","21","한국","한국","(주)라온컴퍼니플러스"
"306","천박한 누나","2019-02-27","940000","0.0","170","20","20","한국","한국","(주)가온콘텐츠"
"306","너 말고 니 언니","2019-04-17","871000","0.0","170","20","20","한국","한국","노바엔터테인먼트"
"311","어린 처제 3","2019-05-09","932000","0.0","169","20","20","한국","한국","(주)컨텐츠 빌리지"
"311","친구부부","2019-11-08","933000","0.0","169","20","20","한국","한국","밀크픽처스"
"311","음란한 병원","2019-04-17","938000","0.0","169","20","20","한국","한국","(주)가온콘텐츠"
"311","식모-머피의 법칙","2019-11-20","916000","0.0","169","20","20","한국","한국","(주)나우콘텐츠"
"311","스튜디오","2019-02-27","938000","0.0","169","20","20","한국","한국","RGB"
"311","관전TV","2019-11-01","933000","0.0","169","20","20","한국","한국","밀크픽처스"
"311","내방에 일본여자가 있다","2019-02-12","938000","0.0","169","20","20","한국","한국","(주)엔트리미디어"
"311","우리 도련님","2019-02-25","938000","0.0","169","20","20","한국","한국","(주)영화사히트"
"311","막내 처제","2019-11-14","934000","0.0","169","20","20","한국","한국","(주)컨텐츠 빌리지"
"311","어린 형수 5","2019-10-17","934000","0.0","169","20","20","한국","한국","(주)컨텐츠 빌리지"
"311","첫경험 3","2019-12-19","933000","0.0","169","20","20","한국","한국","(주)컨텐츠 빌리지"
"311","섹파어플","2019-12-13","933000","0.0","169","20","20","한국","한국","(주)담화"
"311","누나의 맛","2019-06-19","933000","0.0","169","20","20","한국","한국","(주)담화"
"324","크로싱 비욘드","","1006500","0.0","168","1","1","한국","한국",""
"324","MSFF2019 심야상영","","1680000","0.0","168","1","1","한국","한국",""
"326","쉬리","1999-02-13","1002000","0.0","167","1","2","한국","한국","(주)씨제이이엔엠"
"326","해운대","2009-07-22","934000","0.0","167","24","44","한국","한국","씨제이엔터테인먼트"
"328","화끈한 룸메이트","2019-05-16","858000","0.0","166","20","20","한국","한국","주식회사 플릭스코"
"328","아트나인 월례기획전 GET9 [단편영화 특별전]","","1660000","0.0","166","1","3","한국","한국",""
"328","SIFF2019-경쟁단편5","","1162000","0.0","166","1","2","한국","한국",""
"331","SIFF2019-특별단편 2","","1140000","0.0","163","1","2","한국","한국",""
"332","처제는, 처제와, 처제의...","2019-05-30","850000","0.0","162","20","20","한국","한국","(주)나우콘텐츠"
"333","모아쓴일기","","1042000","0.0","161","1","5","한국","한국",""
"333","가싶녀","2019-12-12","895000","0.0","161","21","21","한국","한국","(주)나우콘텐츠"
"333","보도드라이버: 떡마차","2019-05-17","848000","0.0","161","20","20","한국","한국","(주)노바이앤티"
"336","독전","2018-05-22","1280000","0.0","160","1","1","한국","한국","(주)넥스트엔터테인먼트월드(NEW)"
"336","아내와 처제","2019-11-13","888000","0.0","160","20","20","한국","한국","(주)나우콘텐츠"
"336","식모-아내의 친구","2019-10-17","888000","0.0","160","20","20","한국","한국","(주)나우콘텐츠"
"336","UNI 2019 PIPFF 단편","","800000","0.0","160","1","2","한국","한국",""
"336","UNI 2019 DMZ 단편","","800000","0.0","160","1","2","한국","한국",""
"336","UNI 2019 통일부 제작지원 단편","","800000","0.0","160","1","2","한국","한국",""
"342","SIPFF 2019 단편 쇼케이스","","1520000","0.0","157","2","2","한국","한국",""
"342","완벽한 타인 : 비밀의 스와핑","2019-09-06","858000","0.0","157","20","20","한국","한국","(주)메이크아트"
"344","더 테러 라이브","2013-07-31","1248000","0.0","156","1","1","한국","한국","롯데쇼핑㈜롯데엔터테인먼트"
"344","암살","2015-07-22","1248000","0.0","156","1","1","한국","한국","(주)쇼박스"
"344","베를린","2013-01-30","1248000","0.0","156","1","1","한국","한국,독일","(주)씨제이이엔엠"
"347","2019 세종영화제 : 관객의 선택","","1071000","0.0","153","1","1","한국","한국",""
"347","2019 세종영화제 : 커튼콜","","1071000","0.0","153","1","1","한국","한국",""
"349","아수라","2016-09-28","1658000","0.0","150","1","2","한국","한국","(주)씨제이이엔엠"
"349","SIFF2019-특별단편 4","","1051000","0.0","150","1","2","한국","한국",""
"351","[KQFF] 특별전1 : 「믹스앤매치Mix&Match」: 여성국극&보깅댄스","","1184000","0.0","148","1","2","한국","한국",""
"352","SIFF2019-아카이브 1","","1031000","0.0","147","1","3","한국","한국",""
"352","독립협회와 청년 이승만","","294000","0.0","147","1","7","한국","한국",""
"354","4월 단편 상상극장-숲으로 가자","","1160000","0.0","145","1","5","한국","한국",""
"354","SIFF2019-선택단편2","","1015000","0.0","145","1","3","한국","한국",""
"356","미친사랑","","840000","0.0","140","1","1","한국","한국",""
"357","여중생A","2018-06-20","951500","0.0","137","1","1","한국","한국","롯데컬처웍스(주)롯데엔터테인먼트"
"358","오, 사랑","","951000","0.0","136","1","5","한국","한국",""
"359","서울의 휴일","1956-11-21","270000","0.0","135","1","9","한국","한국",""
"360","12 하고 24","","931000","0.0","134","1","14","한국","한국",""
"360","보이지 않는 배우들","","905800","0.0","134","1","4","한국","한국",""
"362","MSFF2019 한국영화 100주년- 단편영화, 열정의 기원들","","792000","0.0","132","1","2","한국","한국",""
"363","옆집소녀3","2019-09-11","700000","0.0","130","20","20","한국","한국","스마일컨텐츠"
"364","SIDOF2019_추방자들/편안한 밤/환영의 도시/거대 생명체들의 도시","","894300","0.0","129","1","2","한국","한국",""
"364","제13회 대단한단편영화제-감독특별전: 김보라","","1032000","0.0","129","1","4","한국","한국",""
"366","시간이탈자","2016-04-13","762000","0.0","127","1","1","한국","한국","(주)씨제이이엔엠"
"366","특종: 량첸살인기","2015-10-22","762000","0.0","127","1","1","한국","한국","롯데쇼핑㈜롯데엔터테인먼트"
"368","SIPFF 2019 한국단편경쟁 2","","1244500","0.0","125","1","2","한국","한국",""
"369","무지개 같은 꿈","","1216000","0.0","124","1","2","한국","한국",""
"370","준하의 행성","","802000","0.0","123","1","2","한국","한국",""
"371","그들도 우리처럼","1990-11-10","244000","0.0","122","1","10","한국","한국",""
"371","오피스텔-잘하는애들로","2019-06-07","663000","0.0","122","20","20","한국","한국","(주)케이피에이기획"
"373","손희정이 영화를 말하다-콩나물·내게 사랑은 너무 써·사라진 밤·잘돼가? 무엇이든","","1440000","0.0","120","1","1","한국","한국",""
"374","여대생들의은밀한아르바이트","2019-05-07","657000","0.0","119","20","20","한국","한국","에이원 미디어"
"374","SIDOF2019_부당, 쓰러지지 않는/보이지 않는 아이들/례","","827500","0.0","119","1","2","한국","한국",""
"374","SIDOF2019_밤낮/463 Poem of the lost/우리 아버지께","","825000","0.0","119","1","2","한국","한국",""
"377","극장판 안녕 자두야","2016-05-04","829000","0.0","117","1","1","한국","한국","(주)씨제이이엔엠"
"378","SIFF2019-특별단편 6","","812000","0.0","116","1","2","한국","한국",""
"378","장모의유혹","2019-02-22","764000","0.0","116","20","20","한국","한국","스마일컨텐츠"
"378","SIFF2019-특별단편 5","","812000","0.0","116","1","2","한국","한국",""
"381","여사장","","230000","0.0","115","1","6","한국","한국",""
"382","밝히는그녀들","2019-12-12","652000","0.0","114","20","20","한국","한국","스마일컨텐츠"
"383","자매의은밀한스와핑-무삭제","2019-02-15","650000","0.0","113","20","20","한국","한국","스마일컨텐츠"
"383","폐교","2019-09-05","670300","0.0","113","20","22","한국","한국","(주)유비네트워크"
"385","우아한 거짓말","2014-03-13","560000","0.0","112","1","2","한국","한국","CGV아트하우스"
"385","애니살롱전#23","","560000","0.0","112","1","1","한국","한국",""
"385","2019년 CJ문화재단 스토리업 제작지원 단편영화 상영회","","1732000","0.0","112","1","1","한국","한국",""
"388","맛있는엄마들","2019-09-27","643000","0.0","111","20","20","한국","한국","스마일컨텐츠"
"388","아내의유혹","2019-10-25","644000","0.0","111","20","21","한국","한국","에이원 미디어"
"390","가슴큰엄마들","2019-08-16","638000","0.0","110","20","20","한국","한국","스마일컨텐츠"
"390","엄마학개론","2019-04-19","644000","0.0","110","20","20","한국","한국","스마일컨텐츠"
"390","동생의 여자-무삭제","2019-03-22","644000","0.0","110","19","20","한국","한국","(주)케이피에이기획"
"390","SIDOF2019_친밀한 가족/꽃피는 편지/우리보고 죽우란 말이냐","","766000","0.0","110","1","2","한국","한국",""
"390","강철비","2017-12-14","770000","0.0","110","1","1","한국","한국","(주)넥스트엔터테인먼트월드(NEW)"
"390","이모의유혹2","2019-07-05","639000","0.0","110","20","20","한국","한국","스마일컨텐츠"
"396","후배부부와 교환섹스-무삭제","2018-08-03","639000","0.0","109","19","19","한국","한국","스마일컨텐츠"
"396","그 여자의 죄가 아니다","","223000","0.0","109","1","6","한국","한국",""
"398","주홍글씨","2004-10-29","270000","0.0","108","1","4","한국","한국","(주)쇼박스"
"399","SIPFF 2019 한국단편경쟁 1","","1052000","0.0","107","1","2","한국","한국",""
"400","IFFB2019 지역독립연대초청","","511000","0.0","102","1","1","한국","한국",""
"401","뷰티 인사이드","2015-08-20","600000","0.0","100","1","1","한국","한국","(주)넥스트엔터테인먼트월드(NEW)"
"402","이 세상에 없는","","680000","0.0","97","1","3","한국","한국",""
"403","구르는 돌처럼","","542000","0.0","95","1","9","한국","한국","보리와 메루"
"404","왕후 심청","2005-08-11","564000","0.0","94","1","1","한국","한국","(주)영화사한결"
"404","한국인을 관두는 법","","713000","0.0","94","1","5","한국","한국",""
"404","의형제","2010-02-04","564000","0.0","94","1","1","한국","한국","(주)쇼박스"
"404","2019 중앙영화제 GAPE 섹션","","564000","0.0","94","1","1","한국","한국",""
"404","오렌지필름 기획전 - 사각 사각","","849000","0.0","94","1","4","한국","한국",""
"409","파파 오랑후탄","2018-04-19","558000","0.0","93","1","1","한국","한국","파이오니아21"
"410","FIWOM 2019 피움초이스4","","656800","0.0","92","1","1","한국","한국",""
"410","제13회 대단한단편영화제-단편 경쟁 1","","736000","0.0","92","1","4","한국","한국",""
"412","자유부인","1956-06-09","182000","0.0","91","1","6","한국","한국",""
"413","추하 내사랑","1978-03-25","180000","0.0","90","1","8","한국","한국,홍콩",""
"414","조작된 도시","2017-02-09","712000","0.0","89","1","1","한국","한국","(주)씨제이이엔엠"
"415","할머니의 외출","","613000","0.0","88","1","7","한국","한국",""
"416","[STAFF2019] 섹션 6. 한국: 청년의 오늘 어쩌면 내일","","688000","0.0","87","1","2","한국","한국",""
"416","[작은영화영화제]배우 박종환 단편전","","87000","0.0","87","1","1","한국","한국",""
"418","SIFF2019-특별단편 3","","602000","0.0","86","1","2","한국","한국",""
"418","유관순","","172000","0.0","86","1","6","한국","한국",""
"420","피아골","1955-09-23","168000","0.0","84","1","5","한국","한국",""
"420","인랑","2018-07-25","672000","0.0","84","1","1","한국","한국","워너브러더스 코리아(주)"
"422","아가씨","2016-06-01","859000","0.0","83","1","2","한국","한국","(주)씨제이이엔엠"
"423","오렌지필름 기획전 – 사랑을 찍어보았습니다.","","621000","0.0","82","1","5","한국","한국",""
"424","SIDOF2019_상/적막의 경관/야경","","560000","0.0","80","1","2","한국","한국",""
"424","서울의 지붕 밑","","160000","0.0","80","1","8","한국","한국",""
"424","FIWOM 2019 피움초이스2","","553000","0.0","80","1","1","한국","한국",""
"424","SIFF2019-아카이브 2","","558000","0.0","80","1","3","한국","한국",""
"428","15th 필름다빈 프로젝트: 김시은 배우전","","683000","0.0","76","1","2","한국","한국",""
"429","탐정 홍길동: 사라진 마을","2016-05-04","750000","0.0","75","1","1","한국","한국","(주)씨제이이엔엠"
"430","오하늬배우 상영회","","808000","0.0","74","1","1","한국","한국",""
"430","오렌지필름 기획전-무슨 말이 필요해!","","578000","0.0","74","1","5","한국","한국",""
"430","인디스토리(12월의 삼각관계)","","528000","0.0","74","2","7","한국","한국",""
"433","오렌지필름 기획전-핑퐁","","506500","0.0","73","1","7","한국","한국",""
"433","오렌지필름 기획전 - 2 4/2 4 - 이사 혹은 사이","","556000","0.0","73","1","5","한국","한국",""
"435","장준휘배우 상영회","","788000","0.0","72","1","1","한국","한국",""
"435","마음의 소리를 들어라","","307000","0.0","72","1","2","한국","한국,호주",""
"437","귀향","2016-02-24","490000","0.0","70","1","1","한국","한국","(주)와우픽쳐스"
"438","공공의 적","2002-01-24","622500","0.0","69","1","2","한국","한국","(주)시네마서비스"
"438","출간 기념 상영회","","663000","0.0","69","1","1","한국","한국",""
"438","단편4: 여성의 시간들 –인디피크닉2019","","426500","0.0","69","1","6","한국","한국",""
"441","아 백범 김구선생","","136000","0.0","68","1","9","한국","한국",""
"441","FIWOM 2019 피움초이스3","","476000","0.0","68","1","1","한국","한국",""
"443","SIPFF 2019 한국단편경쟁 3","","659000","0.0","67","1","2","한국","한국",""
"443","단편섹션 2 (이주영 배우전)","","335000","0.0","67","1","3","한국","한국",""
"443","어머니, 당신의 아들","","469000","0.0","67","1","2","한국","한국",""
"446","심도","2011-03-17","435000","0.0","66","1","2","한국","한국,일본","(주)씨제이이엔엠"
"447","임호준배우 상영회","","683000","0.0","63","1","1","한국","한국",""
"448","열혈남아","2006-11-09","555500","0.0","62","1","2","한국","한국","씨제이엔터테인먼트"
"448","유은정 감독 특별전(인디스데이)","","411500","0.0","62","1","9","한국","한국",""
"448","제6회 NBF x KU시네마테크 정기상영 이학주 배우전","","668000","0.0","62","1","1","한국","한국",""
"451","제13회 대단한단편영화제-단편 경쟁 4","","488000","0.0","61","1","4","한국","한국",""
"452","제13회 대단한단편영화제-단편 경쟁 2","","480000","0.0","60","1","4","한국","한국",""
"452","어린고모 무삭제판","2019-10-29","300000","0.0","60","1","1","한국","한국","(주)가온콘텐츠"
"452","탐스런 옆집아내","2019-10-18","300000","0.0","60","1","1","한국","한국","(주)가온콘텐츠"
"452","여배우: 섹스수업 무삭제판","2019-10-01","300000","0.0","60","1","1","한국","한국","(주)제이에이와이이엔터테인먼트"
"452","아내의알바","2019-10-17","300000","0.0","60","1","1","한국","한국","(주)가온콘텐츠"
"452","옆집아가씨 무삭제판","2019-08-01","300000","0.0","60","1","1","한국","한국","(주)담화"
"452","누나의맛 무삭제판","2019-10-22","300000","0.0","60","1","1","한국","한국","(주)담화"
"452","당신이 기쁘다면","2019-12-10","300000","0.0","60","1","1","한국","한국","(주)가온콘텐츠"
"452","남편상사들","2019-12-16","300000","0.0","60","1","1","한국","한국","(주)라온컴퍼니플러스"
"452","내 아내는 둘이다","2019-11-25","300000","0.0","60","1","1","한국","한국","(주)가온콘텐츠"
"452","가슴 큰 형수","2019-12-23","300000","0.0","60","1","1","한국","한국","케이엘 픽쳐스"
"452","가슴 큰 여자친구 무삭제판","2019-08-28","300000","0.0","60","1","1","한국","한국","(주)담화"
"452","가슴 큰 처제","2019-12-17","300000","0.0","60","1","1","한국","한국","케이엘 픽쳐스"
"452","럭키","2016-10-13","300000","0.0","60","1","1","한국","한국","(주)쇼박스"
"466","돌아서 제자리로","","413000","0.0","59","1","3","한국","한국",""
"467","IFFB2019 MADE IN BUSAN 04","","346000","0.0","58","1","2","한국","한국",""
"467","섹스하기 좋은 날 무삭제","2019-03-12","177000","0.0","58","20","20","한국","한국","(주)영화사가을"
"467","7월 단편 상상극장-SING","","464000","0.0","58","1","5","한국","한국",""
"470","오렌지필름 3월 상영회 [눈을 감아보면]","","417000","0.0","56","1","7","한국","한국",""
"470","산나리","","386000","0.0","56","1","4","한국","한국",""
"470","제13회 대단한단편영화제-단편 경쟁 3","","448000","0.0","56","1","4","한국","한국",""
"470","외롭고 높고 쓸쓸한","","361000","0.0","56","2","8","한국","한국",""
"474","카트","2014-11-13","330000","0.0","55","1","1","한국","한국","(주)리틀빅픽쳐스"
"475","이상한 게임","2019-06-09","324000","0.0","54","1","1","한국","한국","디자인 콘텐츠"
"475","우경","","355000","0.0","54","1","5","한국","한국",""
"477","5월 단편 상상극장-강상우 감독전","","424000","0.0","53","1","4","한국","한국",""
"477","단편1: 도시에서, 안녕하신가요? –인디피크닉2019","","336000","0.0","53","1","6","한국","한국",""
"477","각자의 미식","","326000","0.0","53","1","2","한국","한국","하준사"
"477","SIPFF 2019 한국단편-비경쟁","","528000","0.0","53","1","2","한국","한국",""
"481","오렌지필름 기획전 - 위대한 귀여움에 대하여","","353000","0.0","52","1","7","한국","한국",""
"482","옥탑방열기","","355000","0.0","51","1","2","한국","한국",""
"483","마이 리틀 히어로","2013-01-09","250000","0.0","50","1","1","한국","한국","(주)씨제이이엔엠"
"483","닫힌 교문을 열며","","350000","0.0","50","1","2","한국","한국",""
"483","6월 단편 상상극장-학교 안에서","","400000","0.0","50","1","4","한국","한국",""
"486","국가대표 2","2016-08-10","359000","0.0","49","1","1","한국","한국","메가박스중앙(주) 플러스엠 엔터테인먼트"
"486","물속에서 숨 쉬는 법","","335000","0.0","49","2","7","한국","한국",""
"486","여름밤, Lucky Horror (인디스데이)","","231500","0.0","49","1","13","한국","한국",""
"489","혜영, 혜영씨","","335000","0.0","48","1","2","한국","한국",""
"490","FIWOM 2019 피움초이스1","","329000","0.0","47","1","1","한국","한국",""
"490","나의 정원","","288000","0.0","47","1","6","한국","한국",""
"492","제13회 대단한단편영화제-단편 초청 1","","368000","0.0","46","1","2","한국","한국",""
"493","MSFF 수상작 특별전 섹션 1","","225000","0.0","45","1","3","한국","한국",""
"494","IFFB2019 MADE IN BUSAN 05","","262000","0.0","44","1","2","한국","한국",""
"494","해협","","294000","0.0","44","1","5","한국","한국",""
"494","라오스","","348000","0.0","44","1","2","한국","한국","센트럴파크"
"494","단편2: 처음이 낯선 당신에게 –인디피크닉2019","","288000","0.0","44","1","6","한국","한국",""
"494","스크린 너머로","","216000","0.0","44","1","3","한국","한국",""
"494","펀치볼","","225000","0.0","44","1","6","한국","한국",""
"494","제13회 대단한단편영화제-배우특별전: 강진아","","352000","0.0","44","1","3","한국","한국",""
"501","Diff 2019 경쟁6","","290000","0.0","43","1","1","한국","한국",""
"502","퍼니콘(12월의 삼각관계)","","257000","0.0","42","1","6","한국","한국",""
"503","내부자들: 디 오리지널","2015-12-31","342000","0.0","41","1","7","한국","한국","(주)쇼박스"
"504","내 배우 영업전_강길우","","247000","0.0","39","1","9","한국","한국",""
"505","오! 꿈의 나라","","266000","0.0","38","1","2","한국","한국",""
"505","김금순배우 상영회","","404000","0.0","38","1","1","한국","한국",""
"505","그곳, 날씨는","","266000","0.0","38","1","2","한국","한국",""
"508","3월 단편 상상극장-Women's March","","296000","0.0","37","1","4","한국","한국",""
"508","BISFF2019 리턴즈! 부산국제단편영화제 수상작 순회상영","","254500","0.0","37","1","3","한국","한국",""
"508","단편3: 잃어버린 꿈을 찾아서 –인디피크닉2019","","238000","0.0","37","1","6","한국","한국",""
"511","더 가까이(인디스데이)","","209000","0.0","36","1","9","한국","한국",""
"511","17th 필름다빈 프로젝트: 공민정 배우전","","323000","0.0","36","1","1","한국","한국",""
"511","1월 수요단편극장 - 2018년을 빛낸 화제의 단편영화 넷","","279000","0.0","36","1","1","한국","한국",""
"511","Diff 2019 경쟁3","","244000","0.0","36","1","1","한국","한국",""
"511","백현진 단편 기획전","","324000","0.0","36","1","1","한국","한국",""
"516","포스트 핀(12월의 삼각관계)","","244500","0.0","35","2","7","한국","한국",""
"516","오렌지필름 기획전 - 장윤미 감독의 그리고,","","235000","0.0","35","1","4","한국","한국",""
"518","씨앗(12월의 삼각관계)","","203500","0.0","34","2","7","한국","한국",""
"519","호우주의보(12월의 삼각관계)","","173000","0.0","33","1","6","한국","한국",""
"519","독립영화 반짝반짝전 광주 단편","","216000","0.0","33","2","6","한국","한국",""
"519","Diff 2019 경쟁8","","227000","0.0","33","1","1","한국","한국",""
"519","센트럴파크(12월의 삼각관계)","","172500","0.0","33","2","7","한국","한국",""
"519","오렌지필름 기획전-유지영 감독전","","260000","0.0","33","1","5","한국","한국",""
"519","Diff 2019 경쟁7","","231000","0.0","33","1","1","한국","한국",""
"525","필름다빈(12월의 삼각관계)","","174500","0.0","32","1","7","한국","한국",""
"526","Diff 2019 경쟁2","","217000","0.0","31","1","1","한국","한국",""
"526","김새벽 배우 특별전(인디스데이)","","182500","0.0","31","1","11","한국","한국",""
"526","펀치드렁크 하트(인디스데이)","","177500","0.0","31","1","11","한국","한국",""
"526","여행의 묘미","","155000","0.0","31","1","2","한국","한국",""
"530","[작은영화영화제] 대학영화: 반짝이는 영화의 시작","","30000","0.0","30","1","1","한국","한국",""
"530","애니메이션 기획전 단편: 리틀시네마","","95000","0.0","30","1","2","한국","한국",""
"530","MSFF 수상작 특별전 섹션 2","","150000","0.0","30","1","3","한국","한국",""
"530","곽민규 X 김시은 배우전(인디스데이)","","175500","0.0","30","1","7","한국","한국",""
"530","리얼","2017-06-28","210000","0.0","30","1","1","한국","한국","(주)씨제이이엔엠"
"530","12월 단편 상상극장-강유가람 감독전","","240000","0.0","30","1","4","한국","한국",""
"530","IFFB2019 MADE IN BUSAN 03","","178000","0.0","30","1","2","한국","한국",""
"530","Diff 2019 경쟁5","","205000","0.0","30","1","1","한국","한국",""
"538","10월 단편 상상극장-제13회 대단한 단편영화제 수상작","","230400","0.0","29","1","5","한국","한국",""
"538","내 배우 영업전_박종환","","200000","0.0","29","1","1","한국","한국",""
"538","유운성이 영화를 말하다-수리세·명성, 그 6일의 기록","","348000","0.0","29","1","1","한국","한국",""
"538","MSFF 수상작 특별전 섹션 3","","145000","0.0","29","1","3","한국","한국",""
"542","제13회 대단한단편영화제-단편 초청 2","","224000","0.0","28","1","2","한국","한국",""
"542","Diff 2019 경쟁1","","194000","0.0","28","1","1","한국","한국",""
"544","오렌지필름 기획전 – Fragile; 파손주의","","252000","0.0","27","1","2","한국","한국",""
"544","이방인","","187000","0.0","27","1","1","한국","한국",""
"544","초현실","","187000","0.0","27","1","3","한국","한국",""
"547","우리 누나 친구 무삭제","2019-10-24","130000","0.0","26","20","26","한국","한국","(주)영화사가을"
"547","[작은영화영화제]부산독립영화제2018, 톺아보다","","26000","0.0","26","1","1","한국","한국",""
"547","노무현입니다","2017-05-25","118000","0.0","26","1","2","한국","한국","CGV아트하우스,영화사 풀"
"547","겨울나그네","1986-04-12","114000","0.0","26","1","1","한국","한국",""
"551","애니메이션 기획전 단편:잇다","","77000","0.0","25","1","2","한국","한국",""
"551","IFFB2019 MADE IN BUSAN 02","","148000","0.0","25","1","2","한국","한국",""
"553","임대형 감독 특별전(인디스데이)","","131000","0.0","24","1","6","한국","한국",""
"553","대구독립영화 연말정산 2019 - 단편 2","","168000","0.0","24","1","1","한국","한국",""
"553","Diff 2019 미드나잇시네마","","228000","0.0","24","1","1","한국","한국",""
"553","[작은영화영화제] 여성","","24000","0.0","24","1","1","한국","한국",""
"553","오렌지 필름 4월 상영회 [mixtape vol. 4]","","192000","0.0","24","1","1","한국","한국",""
"558","탐정: 리턴즈","2018-06-13","55000","0.0","23","1","2","한국","한국","(주)씨제이이엔엠"
"558","깃발, 창공, 파티","","230000","0.0","23","1","1","한국","한국",""
"558","공처가 삼대","","230000","0.0","23","1","1","한국","한국",""
"561","침묵","","135000","0.0","22","2","8","한국","한국,일본","(주)시네마달"
"561","개그맨","1989-06-24","135000","0.0","22","1","3","한국","한국",""
"561","영화광 연속살인사건","","97000","0.0","22","1","1","한국","한국",""
"561","정사 2018 무삭제","2019-02-21","109000","0.0","22","20","20","한국","한국","(주)영화사가을"
"561","며느리의 남자 무삭제","2019-10-31","112000","0.0","22","20","22","한국","한국","(주)영화사가을"
"566","좋은 놈, 나쁜 놈, 이상한 놈","2008-07-17","191300","0.0","21","1","5","한국","한국","씨제이엔터테인먼트"
"566","설악, 산양의 땅 사람들","","147000","0.0","21","1","2","한국","한국",""
"566","친구 누나 3 무삭제","2019-03-07","107000","0.0","21","20","20","한국","한국","(주)영화사가을"
"566","이것은 다큐멘터리가 아니다 2","","147000","0.0","21","1","2","한국","한국","여름달"
"566","관계 : 특별한 형수 무삭제","2019-11-07","106000","0.0","21","20","21","한국","한국","(주)영화사가을"
"571","스와핑 : 아내의 친구","2019-11-18","100000","0.0","20","20","20","한국","한국","(주)영화사가을"
"571","룸싸롱 : 맛있는 서비스 2","2019-09-30","100000","0.0","20","20","20","한국","한국","(주)영화사가을"
"571","스와핑 : 완벽한 이웃","2019-11-04","100000","0.0","20","20","20","한국","한국","(주)영화사가을"
"571","엄마의 유혹 2","2019-12-02","100000","0.0","20","20","20","한국","한국","(주)영화사가을"
"571","부부교환의 목적","2019-08-09","109000","0.0","20","20","20","한국","한국","(주)로드하우스"
"571","엄마친구 6","2019-11-08","100000","0.0","20","20","20","한국","한국","(주)영화사가을"
"571","아름다운 장모","2019-08-13","109000","0.0","20","20","20","한국","한국","(주)로드하우스"
"571","세자매의 스와핑","2019-11-06","100000","0.0","20","20","20","한국","한국","(주)영화사가을"
"571","노래방 : 화끈한 여자들 2","2019-11-25","100000","0.0","20","20","20","한국","한국","(주)영화사가을"
"571","아들의 여자","2019-09-16","100000","0.0","20","20","20","한국","한국","(주)영화사가을"
"571","아내가 그놈에게 당했다 무삭제","2019-12-09","100000","0.0","20","20","20","한국","한국","(주)영화사가을"
"571","정사 : 아내의 친구 2 무삭제","2019-08-14","100000","0.0","20","20","20","한국","한국","(주)영화사가을"
"571","새엄마 3","2019-01-03","105000","0.0","20","20","20","한국","한국","(주)영화사가을"
"571","정사 : 엄마친구 무삭제","2019-10-10","100000","0.0","20","20","20","한국","한국","(주)영화사가을"
"571","작은 엄마 2 무삭제","2019-12-23","100000","0.0","20","20","20","한국","한국","(주)영화사가을"
"571","가족 연애사","2019-12-27","109000","0.0","20","20","20","한국","한국","(주)영진크리에이티브"
"571","직장 연애사","2019-12-27","109000","0.0","20","20","20","한국","한국","(주)영진크리에이티브"
"571","출장 마사지 : 흥분한 여자들","2019-05-14","100000","0.0","20","20","20","한국","한국","(주)영화사가을"
"571","일반인 속초","2019-12-05","109000","0.0","20","20","20","한국","한국","(주)로드하우스"
"571","변호인의 완전한 사육","2019-11-25","109000","0.0","20","20","20","한국","한국","(주)영진크리에이티브"
"571","장모의 딸","2019-11-25","109000","0.0","20","20","20","한국","한국","(주)영진크리에이티브"
"571","잉여들의 역습(인디스데이)","","95500","0.0","20","1","9","한국","한국",""
"571","음란가족","2019-05-30","109000","0.0","20","20","20","한국","한국","(주)로드하우스"
"571","파라다이스 인 푸켓:여대생의 맛","2019-12-13","109000","0.0","20","20","20","한국","한국","(주)영진크리에이티브"
"571","파라다이스 인 푸켓:유학생의 맛","2019-12-20","109000","0.0","20","20","20","한국","한국","(주)영진크리에이티브"
"571","밀애 : 친구엄마 2","2019-06-24","100000","0.0","20","20","20","한국","한국","(주)영화사가을"
"571","동호회의 목적 2","2019-04-23","105000","0.0","20","20","20","한국","한국","(주)영화사가을"
"571","인디플러스 포항 기획전","","20000","0.0","20","1","1","한국","한국",""
"571","거짓말 : 여자 모델의 섹스","2019-03-21","105000","0.0","20","20","20","한국","한국","(주)영화사가을"
"571","아내의 맛","2019-01-31","105000","0.0","20","20","20","한국","한국","(주)영화사가을"
"571","내 학생의 엄마 4","2019-10-14","100000","0.0","20","20","20","한국","한국","(주)영화사가을"
"571","나쁜 처제","2019-07-01","100000","0.0","20","20","20","한국","한국","(주)영화사가을"
"571","착한 형수 4","2019-08-19","100000","0.0","20","20","20","한국","한국","(주)영화사가을"
"571","내 아내의 엄마","2019-02-25","105000","0.0","20","20","20","한국","한국","(주)영화사가을"
"571","아내의 엄마 2 무삭제","2019-04-04","105000","0.0","20","20","20","한국","한국","(주)영화사가을"
"571","착한 엄마친구 3","2019-10-28","100000","0.0","20","20","20","한국","한국","(주)영화사가을"
"571","착한 엄마 3","2019-08-26","100000","0.0","20","20","20","한국","한국","(주)영화사가을"
"571","여자 하숙집 3","2019-06-12","100000","0.0","20","20","20","한국","한국","(주)영화사가을"
"571","착한 친구아내","2019-01-29","105000","0.0","20","20","20","한국","한국","(주)영화사가을"
"571","내 처제가 된 첫사랑 무삭제","2019-03-19","101000","0.0","20","20","20","한국","한국","(주)영화사가을"
"571","정사 2019 무삭제","2019-11-27","100000","0.0","20","20","20","한국","한국","(주)영화사가을"
"571","은밀한 관계 무삭제","2019-07-22","100000","0.0","20","20","20","한국","한국","(주)영화사가을"
"571","내 동생의 아내","2019-01-14","105000","0.0","20","20","20","한국","한국","(주)영화사가을"
"571","내 아내의 언니 3","2019-01-24","105000","0.0","20","20","20","한국","한국","(주)영화사가을"
"571","여직원들 : 직장 연애사 2","2019-01-17","105000","0.0","20","20","20","한국","한국","(주)영화사가을"
"571","불륜 며느리","2019-06-19","100000","0.0","20","20","20","한국","한국","(주)영화사가을"
"571","밀애 2019 무삭제","2019-05-21","105000","0.0","20","20","20","한국","한국","(주)영화사가을"
"571","룸싸롱 여대생들 2","2019-07-08","100000","0.0","20","20","20","한국","한국","(주)영화사가을"
"571","친절한 며느리 무삭제","2019-05-02","100000","0.0","20","20","20","한국","한국","(주)영화사가을"
"571","누나 친구 3","2019-04-08","105000","0.0","20","20","20","한국","한국","(주)영화사가을"
"571","아내의 동창회 2","2019-08-05","100000","0.0","20","20","20","한국","한국","(주)영화사가을"
"571","맛있는 동거 무삭제","2019-02-14","105000","0.0","20","20","20","한국","한국","(주)영화사가을"
"571","오르가즘 특강","2019-11-01","109000","0.0","20","20","20","한국","한국","(주)로드하우스"
"571","오렌지필름 기획전 – A에서 T까지","","151000","0.0","20","1","4","한국","한국",""
"571","4주년 mixtape vol.4(오렌지필름 기획전)","","122000","0.0","20","1","2","한국","한국",""
"571","전망 좋은 하숙집","2019-07-29","100000","0.0","20","20","20","한국","한국","(주)영화사가을"
"571","애인 : 친구의 딸 무삭제","2019-06-04","105000","0.0","20","20","20","한국","한국","(주)영화사가을"
"571","연애 : 엄마친구 2","2019-05-07","100000","0.0","20","20","20","한국","한국","(주)영화사가을"
"571","여자 동창생들","2019-10-22","105000","0.0","20","20","20","한국","한국","(주)영화사가을"
"571","여친 엄마 3 무삭제","2019-06-26","100000","0.0","20","20","20","한국","한국","(주)영화사가을"
"571","내 친구의 숙모","2019-03-05","105000","0.0","20","20","20","한국","한국","(주)영화사가을"
"571","자매의 노예","2019-09-11","109000","0.0","20","20","20","한국","한국","노바엔터테인먼트"
"571","스와핑 : 상사의 아내 무삭제","2019-12-16","100000","0.0","20","20","20","한국","한국","(주)영화사가을"
"571","친구 아내 무삭제","2019-03-26","105000","0.0","20","20","20","한국","한국","(주)영화사가을"
"571","불륜 동창회 2","2019-02-18","105000","0.0","20","20","20","한국","한국","(주)영화사가을"
"571","옷 잘 벗는 예쁜 누나","2019-10-07","100000","0.0","20","11","20","한국","한국","(주)영화사가을"
"571","친절한 형수님","2019-04-09","105000","0.0","20","20","20","한국","한국","(주)영화사가을"
"571","젊은 엄마 친구 2","2019-09-23","100000","0.0","20","20","20","한국","한국","(주)영화사가을"
"571","엄마친구들 3","2019-08-12","100000","0.0","20","20","20","한국","한국","(주)영화사가을"
"571","예비 사위","2019-11-13","100000","0.0","20","20","20","한국","한국","(주)영화사가을"
"571","음란한 자매","2019-07-12","109000","0.0","20","20","20","한국","한국","노바엔터테인먼트"
"571","형수의 유혹","2019-11-11","100000","0.0","20","20","20","한국","한국","(주)영화사가을"
"571","정사 : 착한 며느리들 3","2019-11-20","100000","0.0","20","20","20","한국","한국","(주)영화사가을"
"644","미용실 : 특별한 서비스 3","2019-04-29","95000","0.0","19","20","24","한국","한국","(주)영화사가을"
"644","4월 수요단편극장 - 본격! 청춘배우특집!","","152000","0.0","19","1","1","한국","한국",""
"644","씰룩씰룩 (춤/음악)","","95000","0.0","19","1","2","한국","한국",""
"644","겨울 몽상(인디스데이)","","121000","0.0","19","1","6","한국","한국",""
"648","오렌지필름 4주년","","170000","0.0","18","1","2","한국","한국",""
"648","교환일기","","140000","0.0","18","1","4","한국","한국",""
"648","내 배우 영업전_한혜지","","126000","0.0","18","1","1","한국","한국",""
"648","이달의 PICK!","","57500","0.0","18","1","1","한국","한국",""
"648","인디애니페스트2019 독립보행1","","102000","0.0","18","1","1","한국","한국",""
"653","라디오 스타","2006-09-28","187000","0.0","17","1","1","한국","한국","(주)씨제이이엔엠,(주)시네마서비스"
"653","11월 수요단편극장- 그녀를 찾아서: 김태희, 공효진, 강혜정, 이다희, 서신애","","124000","0.0","17","1","1","한국","한국",""
"653","도도녀 길들이기","2020-01-10","51000","0.0","17","1","1","한국","한국","영드래곤 미디어"
"653","제13회 대단한단편영화제-폐막식","","136000","0.0","17","1","1","한국","한국",""
"653","독립영화 반짝반짝전 대구 단편","","104000","0.0","17","1","7","한국","한국",""
"653","제13회 대단한단편영화제-개막식","","136000","0.0","17","1","1","한국","한국",""
"653","흑룡강(黑龍江)","","120000","0.0","17","1","2","한국","한국",""
"653","IFFB2019 MADE IN BUSAN 01","","101000","0.0","17","1","2","한국","한국",""
"661","8월단단한영화展","","42500","0.0","16","1","2","한국","한국",""
"661","FIWOM 2019 피움초이스7","","112000","0.0","16","1","1","한국","한국",""
"661","Diff 2019 경쟁4","","112000","0.0","16","1","1","한국","한국",""
"661","AISFF 2019 특별상영: 캐스팅 마켓 매칭작","","79000","0.0","16","1","1","한국","한국",""
"661","내 배우 영업전_오동민","","112000","0.0","16","1","1","한국","한국",""
"661","2월 단편 상상극장-임철민 감독전","","128000","0.0","16","1","3","한국","한국",""
"661","엘리펀트 보이","","16000","0.0","16","1","1","한국","한국",""
"661","우리목소리_나만 없는 그곳","","112000","0.0","16","1","1","한국","한국",""
"661","처음쓰는 영화비평-단편모음1","","76000","0.0","16","1","1","한국","한국",""
"670","2월 수요단편극장 - 내가 사는 세상, 내가 서 있는 자리","","120000","0.0","15","1","1","한국","한국",""
"670","제1회 스태프 영화제 - 배우 우지현","","165000","0.0","15","1","1","한국","한국",""
"670","처음쓰는 영화비평-단편모음2","","66000","0.0","15","1","1","한국","한국",""
"670","파고","","63000","0.0","15","1","1","한국","한국",""
"674","김시은 배우전","","98000","0.0","14","1","1","한국","한국",""
"674","개같은 날의 오후","1995-09-08","138000","0.0","14","1","3","한국","한국",""
"674","5월 수요단편극장 - 지금까지 이런 단편영화는 없었다: 장르三色","","110000","0.0","14","1","1","한국","한국",""
"674","오렌지필름 기획전 - Fragile; 파손주의","","92000","0.0","14","1","3","한국","한국",""
"674","16th 필름다빈 프로젝트: 강동완 감독전","","98000","0.0","14","1","1","한국","한국",""
"679","그루잠","","13000","0.0","13","1","2","한국","한국",""
"679","내 친구 정일우+상계동 올림픽","","65000","0.0","13","1","1","한국","한국",""
"679","서현우 배우 특별전(인디스데이)","","69000","0.0","13","1","8","한국","한국",""
"682","불숨","","51000","0.0","12","1","3","한국","한국",""
"682","내 배우 영업전_한해인","","84000","0.0","12","1","1","한국","한국",""
"682","Diff 2019 경쟁9","","84000","0.0","12","1","1","한국","한국",""
"682","영화 안에 영화를 담다","","60000","0.0","12","1","2","한국","한국",""
"682","갯마을","","120000","0.0","12","1","1","한국","한국",""
"682","Diff 2019 로컬존","","83000","0.0","12","1","1","한국","한국",""
"688","제1회 스태프 영화제 - 촬영2 조영천","","115000","0.0","11","1","1","한국","한국",""
"688","가족, 그 복잡하고도 미묘한 관계","","55000","0.0","11","1","2","한국","한국",""
"688","4월 다큐, 싶다(다큐, 싶다)","","55000","0.0","11","1","1","한국","한국",""
"691","내 배우 영업전_공민정","","69000","0.0","10","1","1","한국","한국",""
"691","나르시스의 죽음","","65000","0.0","10","1","2","한국","한국",""
"691","제1회 스태프 영화제 - 사운드 고아영","","82000","0.0","10","1","1","한국","한국",""
"691","핵마피아","","70000","0.0","10","1","5","한국","한국",""
"691","내 배우 영업전_박수연","","70000","0.0","10","1","1","한국","한국",""
"691","용산 남일당 이야기","","60000","0.0","10","1","1","한국","한국",""
"691","최후의 증인","1980-11-15","60000","0.0","10","1","3","한국","한국",""
"691","안녕하세요 하나님","1987-12-24","68000","0.0","10","1","2","한국","한국",""
"691","PIPFF 2019 스펙트럼 단편묶음(2)","","53600","0.0","10","1","1","한국","한국",""
"700","최창환 감독 단편전","","59000","0.0","9","1","1","한국","한국",""
"700","떠나지 못하는 사람들 - 끝나지 않은 이야기","","54000","0.0","9","1","1","한국","한국",""
"700","처음 쓰는 영화비평 기획전","","40000","0.0","9","1","1","한국","한국",""
"703","싸리골의 신화","","58000","0.0","8","1","2","한국","한국",""
"703","301, 302","1995-04-21","56000","0.0","8","1","3","한국","한국",""
"703","천하장사 마돈나","2006-08-31","80000","0.0","8","1","1","한국","한국","씨제이엔터테인먼트"
"703","너무 많이 본 사나이","","80000","0.0","8","1","1","한국","한국",""
"703","내 배우 영업전_강진아","","56000","0.0","8","1","1","한국","한국",""
"703","내 배우 영업전_공현지","","55000","0.0","8","1","1","한국","한국",""
"703","나호원이 영화를 말하다-고치·장미여관","","96000","0.0","8","1","1","한국","한국",""
"703","대구독립영화 연말정산 2019 - 단편 5","","56000","0.0","8","1","1","한국","한국",""
"703","형수","","54000","0.0","8","1","2","한국","한국",""
"703","10thDMZDocs앵콜전_청소년 경쟁 단편","","40000","0.0","8","1","1","한국","한국",""
"703","두근두근 (로멘스)","","40000","0.0","8","1","2","한국","한국",""
"703","오들오들 (공포스릴러)","","40000","0.0","8","1","2","한국","한국",""
"715","삶과 죽음","","35000","0.0","7","1","2","한국","한국",""
"715","연소, 석방, 폭발, 대적할 이가 없는","","42000","0.0","7","1","1","한국","한국",""
"715","군번없는 용사","","44000","0.0","7","1","2","한국","한국",""
"715","두 번째 행군","","49000","0.0","7","2","6","한국","한국",""
"715","마이 스윗 홈 - 국가는 폭력이다","","42000","0.0","7","1","1","한국","한국",""
"715","9월단단한영화展(제15회제천국제음악영화제특별전)","","21500","0.0","7","1","1","한국","한국",""
"721","칠수와 만수","1988-11-26","42000","0.0","6","1","2","한국","한국",""
"721","공동경비구역 JSA","2000-09-08","30000","0.0","6","1","2","한국","한국","씨제이엔터테인먼트"
"721","곽민규 배우전","","42000","0.0","6","1","1","한국","한국",""
"721","아이 바이 유 바이 에브리바디","","36000","0.0","6","1","2","한국","한국",""
"721","해변의 캐리어","","30000","0.0","6","1","2","한국","한국",""
"726","오렌지필름 기획전 – MIX TAPE VOL.4","","34000","0.0","5","1","1","한국","한국",""
"726","12월 수요단편극장- 이 겨울, 혼자여서 괜찮아요","","34000","0.0","5","1","1","한국","한국",""
"726","PIPFF 2019 강원도의 힘 단편묶음","","26800","0.0","5","1","1","한국","한국",""
"726","10월단단한영화展(윤가은 감독전)","","15500","0.0","5","1","1","한국","한국",""
"726","불량탐정 : 리로드","2019-10-10","5000","0.0","5","1","1","한국","한국","(주)더쿱와이드"
"726","황혼이 질 때 쯤엔","","25000","0.0","5","1","2","한국","한국",""
"732","다행(多行) 이네요","","28000","0.0","4","1","2","한국","한국",""
"732","애니메이션 기획전 단편: 배리어프리전","","13000","0.0","4","1","1","한국","한국",""
"732","대구독립영화 연말정산 2019 - 단편 3","","28000","0.0","4","1","1","한국","한국",""
"732","대구독립영화 연말정산 2019 - 단편 1","","28000","0.0","4","1","1","한국","한국",""
"732","음식 그 정겨운 행위에 대하여","","20000","0.0","4","1","1","한국","한국",""
"732","대신 죽여드립니다","","26000","0.0","4","1","1","한국","한국",""
"732","사방지","1988-10-29","40000","0.0","4","1","1","한국","한국",""
"732","원더풀 고스트","2018-09-26","8000","0.0","4","1","4","한국","한국","(주)제이앤씨미디어그룹,TCO(주)더콘텐츠온"
"732","쌀","","28000","0.0","4","1","2","한국","한국",""
"732","바람같은 사나이","","21000","0.0","4","1","2","한국","한국",""
"732","용산 337가지로 표현하기 : 촛불 방송국 레아","","24000","0.0","4","1","1","한국","한국",""
"743","낮은 목소리 - 아시아에서 여성으로 산다는 것","1995-04-29","17000","0.0","3","1","1","한국","한국",""
"743","낮은 목소리 2","1997-08-22","17000","0.0","3","1","1","한국","한국",""
"743","이로 인해 그대는 죽지 않을 것이다","","27000","0.0","3","1","1","한국","한국",""
"743","대구독립영화 연말정산 2019 - 단편 4","","21000","0.0","3","1","1","한국","한국",""
"743","맛있는 동거","2019-02-12","18000","0.0","3","2","3","한국","한국","(주)영화사가을"
"743","뽀로로 극장판 공룡섬 대모험","2017-12-07","16000","0.0","3","1","1","한국","한국","(주)넥스트엔터테인먼트월드(NEW)"
"743","피어린 구월산","","18000","0.0","3","1","1","한국","한국",""
"743","뉴타입, 어쩌면 오래된 새로움 - 인디포럼 월례비행 12월","","24000","0.0","3","1","1","한국","한국",""
"751","착한처제 2019 무삭제","2019-11-27","10000","0.0","2","2","2","한국","한국","(주)소나무픽쳐스"
"751","낮은 목소리 3 : 숨결","2000-03-18","12000","0.0","2","1","1","한국","한국",""
"751","사돈처녀 2 - 무삭제판","2019-12-17","2000","0.0","2","2","2","한국","한국","(주)컨텐츠 빌리지"
"751","맛섹 은밀한 경험 - 무삭제판","2019-02-28","2000","0.0","2","1","2","한국","한국","(주)케이알씨지"
"751","발광하는 현대사","","10000","0.0","2","1","2","한국","한국",""
"751","임오정 감독전","","12000","0.0","2","1","1","한국","한국",""
"751","끄적끄적 (문학/미술)","","10000","0.0","2","1","2","한국","한국",""
"751","노리개","2013-04-18","5000","0.0","2","1","2","한국","한국","(주)인벤트스톤"
"751","프리즈마","","16000","0.0","2","1","1","한국","한국",""
"760","아내의 교환섹스 무삭제판","2019-10-17","5000","0.0","1","1","1","한국","한국","(주)케이피에이기획"
"760","사춘기 여동생 무삭제판","2019-03-04","2000","0.0","1","1","1","한국","한국","영드래곤 미디어"
"760","착한형수의사정-무삭제","2019-03-15","5000","0.0","1","1","1","한국","한국","스마일컨텐츠"
"760","바람난 아내들-무삭제","2019-03-08","5000","0.0","1","1","1","한국","한국","(주)케이피에이기획"
"760","사돈처녀 - 무삭제판","2019-03-18","2000","0.0","1","1","1","한국","한국","(주)컨텐츠 빌리지"
"760","어린 형수님들 (감독판)","2019-03-08","5000","0.0","1","1","1","한국","한국","(주)소나무픽쳐스"
"760","어린 제부 2019 (감독판)","2019-03-08","5000","0.0","1","1","1","한국","한국","(주)소나무픽쳐스"
"760","초대녀 2 - 무삭제판","2019-03-18","1000","0.0","1","1","1","한국","한국","(주)컨텐츠 빌리지"
"760","처제와 형수들 (감독판)","2019-03-08","5000","0.0","1","1","1","한국","한국","(주)소나무픽쳐스"
"760","여대생 출장맛사지 무삭제판","2019-10-24","5000","0.0","1","1","1","한국","한국","(주)케이피에이기획"
"760","상류시대 무삭제판","2019-03-25","2000","0.0","1","1","1","한국","한국","(주)가온콘텐츠"
"760","딸의 친구 3 - 무삭제판","2019-06-11","2000","0.0","1","1","1","한국","한국","(주)컨텐츠 빌리지"
"760","내 아내를 과장이 후렸다","2019-10-18","1000","0.0","1","1","1","한국","한국","솔앤드 주식회사"
"760","딸의 애인 2-무삭제판","2019-06-05","2000","0.0","1","1","1","한국","한국","(주)컨텐츠 빌리지"
"760","복상사 미망인을 탐하는 남자들","2019-10-18","1000","0.0","1","1","1","한국","한국","솔앤드 주식회사"
"760","비가오면 하고싶다","2019-10-21","1000","0.0","1","1","1","한국","한국","솔앤드 주식회사"
"760","형수의 엉덩이","2019-10-21","1000","0.0","1","1","1","한국","한국","솔앤드 주식회사"
"760","우리 누나 친구","2019-10-21","2000","0.0","1","1","1","한국","한국","(주)영화사가을"
"760","조건아빠:슈가대디 무삭제판","2019-04-12","1000","0.0","1","1","1","한국","한국","(주)가온콘텐츠"
"760","동생의여자친구","2019-11-01","5000","0.0","1","1","1","한국","한국","스마일컨텐츠"
"760","착한 며느리와 시아버지","2019-10-21","5000","0.0","1","1","1","한국","한국","(주)소나무픽쳐스"
"760","착한 제수씨 - 감독판","2019-10-21","5000","0.0","1","1","1","한국","한국","(주)소나무픽쳐스"
"760","불륜: 아내 친구 - 감독판","2019-10-21","5000","0.0","1","1","1","한국","한국","(주)소나무픽쳐스"
"760","애인 교환의 날","2019-10-21","5000","0.0","1","1","1","한국","한국","(주)소나무픽쳐스"
"760","자매의교환섹스-무삭제","2019-04-05","5000","0.0","1","1","1","한국","한국","에이원 미디어"
"760","내친구의두엄마-무삭제","2019-03-29","5000","0.0","1","1","1","한국","한국","스마일컨텐츠"
"760","물좋은하숙집-무삭제","2019-03-25","5000","0.0","1","1","1","한국","한국","에이원 미디어"
"760","살맛","2019-10-24","1000","0.0","1","1","1","한국","한국","엔트리커뮤니케이션즈"
"760","세부야놀자","2019-10-24","1000","0.0","1","1","1","한국","한국","엔트리커뮤니케이션즈"
"760","착한여자친구-무삭제","2019-04-08","5000","0.0","1","1","1","한국","한국","에이원 미디어"
"760","친구엄마 : 하고 싶은 날 무삭제","2019-10-25","6000","0.0","1","1","1","한국","한국","(주)영화사가을"
"760","뺑덕어멈","2019-06-20","1000","0.0","1","1","1","한국","한국","(주)케이알씨지"
"760","옆집소녀3-무삭제","2019-11-08","5000","0.0","1","1","1","한국","한국","스마일컨텐츠"
"760","누나의 비디오","2019-03-28","1000","0.0","1","1","1","한국","한국","(주)엔트리미디어"
"760","물좋은하숙집2-무삭제","2019-05-03","5000","0.0","1","1","1","한국","한국","에이원 미디어"
"760","예쁜누나(감독판)","2019-04-11","6000","0.0","1","1","1","한국","한국","(주)마이애미미디어"
"760","내아내의제자들-무삭제","2019-04-12","5000","0.0","1","1","1","한국","한국","스마일컨텐츠"
"760","맛있는여대생들","2019-11-15","5000","0.0","1","1","1","한국","한국","에이원 미디어"
"760","맛있는 아내(무삭제판)","2019-04-11","6000","0.0","1","1","1","한국","한국","(주)나우콘텐츠"
"760","알래스카 북극곰(무삭제판)","2019-04-11","6000","0.0","1","1","1","한국","한국","(주)나우콘텐츠"
"760","수상한 아가씨","2019-04-01","2000","0.0","1","1","1","한국","한국","고구마콘텐츠허브(주)"
"760","아내의여동생-무삭제","2019-11-19","5000","0.0","1","1","1","한국","한국","스마일컨텐츠"
"760","나의 젊은 형수님","2019-04-05","5000","0.0","1","1","1","한국","한국","(주)소나무픽쳐스"
"760","바람난 아내들2-무삭제","2019-04-19","5000","0.0","1","1","1","한국","한국","(주)케이피에이기획"
"760","어린 사촌 여동생들","2019-04-05","5000","0.0","1","1","1","한국","한국","(주)소나무픽쳐스"
"760","동호회의 목적 2 무삭제","2019-08-27","6000","0.0","1","1","1","한국","한국","(주)영화사가을"
"760","내 아내의 언니 3 무삭제","2019-06-14","6000","0.0","1","1","1","한국","한국","(주)영화사가을"
"760","이모의유혹2-무삭제","2019-09-06","5000","0.0","1","1","1","한국","한국","스마일컨텐츠"
"760","물좋은하숙집2","2019-01-18","5000","0.0","1","1","1","한국","한국","에이원 미디어"
"760","여기어때 빈방있나요","2019-01-18","2000","0.0","1","1","1","한국","한국","(주)엔트리미디어"
"760","어린 처형- 무삭제판","2019-01-22","2000","0.0","1","1","1","한국","한국","(주)컨텐츠 빌리지"
"760","어린 누나 2 - 무삭제판","2019-01-24","2000","0.0","1","1","1","한국","한국","(주)컨텐츠 빌리지"
"760","어린 형수님들","2019-01-11","5000","0.0","1","1","1","한국","한국","(주)소나무픽쳐스"
"760","어린 장모들 (감독판)","2019-01-11","5000","0.0","1","1","1","한국","한국","(주)소나무픽쳐스"
"760","어린 새엄마들 (감독판)","2019-01-11","5000","0.0","1","1","1","한국","한국","(주)소나무픽쳐스"
"760","내방에 일본여자가 있다 무삭제판","2019-08-30","1000","0.0","1","1","1","한국","한국","(주)엔트리미디어"
"760","긴섹충","2019-08-30","2000","0.0","1","1","1","한국","한국","(주)피에이치미디어"
"760","여성친구","2019-08-30","1000","0.0","1","1","1","한국","한국","(주)피에이치미디어"
"760","처제와 형수들","2019-01-11","5000","0.0","1","1","1","한국","한국","(주)소나무픽쳐스"
"760","아내의 엄마들(감독판)","2019-01-11","5000","0.0","1","1","1","한국","한국","(주)소나무픽쳐스"
"760","친구 누나 3","2019-03-14","6000","0.0","1","1","1","한국","한국","(주)영화사가을"
"760","어린여동생-무삭제","2019-09-13","5000","0.0","1","1","1","한국","한국","스마일컨텐츠"
"760","스와핑 : 두자매 무삭제","2019-10-25","6000","0.0","1","1","1","한국","한국","(주)영화사가을"
"760","스와핑 : 두자매","2019-08-30","6000","0.0","1","1","1","한국","한국","(주)영화사가을"
"760","아내의 음란한 유혹","2019-09-20","6000","0.0","1","1","1","한국","한국","(주)메이크아트"
"760","내친구의두엄마","2019-01-25","5000","0.0","1","1","1","한국","한국","스마일컨텐츠"
"760","스와핑 : 상사의 아내","2019-12-18","6000","0.0","1","1","1","한국","한국","(주)영화사가을"
"760","잘주는 누나들 무삭제판","2019-09-20","5000","0.0","1","1","1","한국","한국","(주)케이피에이기획"
"760","등산의 참맛 무삭제판","2019-10-01","5000","0.0","1","1","1","한국","한국","(주)라온컴퍼니플러스"
"760","맛있는누나들-무삭제","2019-02-01","5000","0.0","1","1","1","한국","한국","스마일컨텐츠"
"760","남편친구들 무삭제판","2019-10-15","5000","0.0","1","1","1","한국","한국","(주)가온콘텐츠"
"760","형부를 탐하다 무삭제판","2019-10-08","5000","0.0","1","1","1","한국","한국","(주)가온콘텐츠"
"760","친구 아내","2019-03-28","6000","0.0","1","1","1","한국","한국","(주)영화사가을"
"760","매력적인 장모님들 (감독판)","2019-01-29","5000","0.0","1","1","1","한국","한국","(주)소나무픽쳐스"
"760","내 착한 새엄마 (감독판)","2019-01-29","5000","0.0","1","1","1","한국","한국","(주)소나무픽쳐스"
"760","나의 젊은 형수님 - 감독판","2019-09-11","5000","0.0","1","1","1","한국","한국","(주)소나무픽쳐스"
"760","어린 제부 2019","2019-01-29","5000","0.0","1","1","1","한국","한국","(주)소나무픽쳐스"
"760","선생님 한 번만 더","2019-12-06","1000","0.0","1","1","1","한국","한국","(주)씨맥스커뮤니케이션즈"
"760","섹스 치료 전문 병원","2019-11-08","1000","0.0","1","1","1","한국","한국","(주)씨맥스커뮤니케이션즈"
"760","변태 섹스 병동","2019-12-20","1000","0.0","1","1","1","한국","한국","(주)씨맥스커뮤니케이션즈"
"760","어린 형수 4-무삭제판","2019-03-18","1000","0.0","1","1","1","한국","한국","(주)컨텐츠 빌리지"
"760","잘 주는 간호사들 : 병원에서 생긴 일","2019-11-22","1000","0.0","1","1","1","한국","한국","(주)씨맥스커뮤니케이션즈"
"760","화끈한 룸메이트 무삭제판","2019-09-18","6000","0.0","1","1","1","한국","한국","주식회사 플릭스코"
"760","내아내의제자들","2019-02-18","5000","0.0","1","1","1","한국","한국","스마일컨텐츠"
"760","오피스텔-잘 하는 애들로 무삭제판","2019-09-26","5000","0.0","1","1","1","한국","한국","(주)케이피에이기획"
"760","맛있는 세자매-무삭제","2019-02-20","5000","0.0","1","1","1","한국","한국","(주)케이피에이기획"
"760","남의 아내 무삭제판","2019-09-17","2000","0.0","1","1","1","한국","한국","(주)가온콘텐츠"
"760","천박한누나 무삭제판","2019-09-24","5000","0.0","1","1","1","한국","한국","(주)가온콘텐츠"
"760","불륜: 아내 친구","2019-10-02","5000","0.0","1","1","1","한국","한국","(주)소나무픽쳐스"
"760","동생의 여자들 - 감독판","2019-10-04","5000","0.0","1","1","1","한국","한국","(주)소나무픽쳐스"
"760","착한 엄마 친구들","2019-10-04","5000","0.0","1","1","1","한국","한국","(주)소나무픽쳐스"
"760","젊은 과부","2019-10-16","5000","0.0","1","1","1","한국","한국","(주)소나무픽쳐스"
"760","외도에 빠진 아내","2019-02-18","2000","0.0","1","1","1","한국","한국","(주)레드언더미디어"
"760","새엄마들 2019 - 무삭제","2019-10-02","5000","0.0","1","1","1","한국","한국","(주)소나무픽쳐스"
"760","엄마친구의맛-무삭제","2019-02-28","5000","0.0","1","1","1","한국","한국","스마일컨텐츠"
"760","가슴큰엄마들-무삭제","2019-10-04","5000","0.0","1","1","1","한국","한국","스마일컨텐츠"
"760","아내의여동생","2019-10-11","5000","0.0","1","1","1","한국","한국","스마일컨텐츠"
"760","미용실 : 특별한 서비스 3 무삭제","2019-09-11","6000","0.0","1","1","1","한국","한국","(주)영화사가을"
"760","잘 주는 외국녀들","2019-12-13","1000","0.0","1","1","1","한국","한국","(주)영진크리에이티브"
"760","음란한 그녀의 색스런 이야기","2019-12-27","1000","0.0","1","1","1","한국","한국","(주)씨맥스커뮤니케이션즈"
"760","위기의 주부들","","1000","0.0","1","1","1","한국","한국",""
"760","여친 엄마 3","2019-03-28","6000","0.0","1","1","1","한국","한국","(주)영화사가을"
"760","보도드라이버: 풀코스 무삭제판","2019-10-15","6000","0.0","1","1","1","한국","한국","두리컴"
"760","10월 수요단편극장- To infinity and beyond!","","5000","0.0","1","1","1","한국","한국",""
"760","젊은친구엄마","2019-10-18","5000","0.0","1","1","1","한국","한국","스마일컨텐츠"
"760","젊은 미망인 무삭제판","2019-08-01","1000","0.0","1","1","1","한국","한국","(주)가온콘텐츠"
"760","착한 형수 : 참을 수 없는 날 무삭제","2019-10-23","6000","0.0","1","1","1","한국","한국","(주)영화사가을"
"760","어린여동생","2019-07-08","5000","0.0","1","1","1","한국","한국","스마일컨텐츠"
"760","불여시:일본 여직원의 질투","2019-12-24","1000","0.0","1","1","1","한국","한국","솔앤드 주식회사"
"760","위기의 엄마들","2019-08-05","5000","0.0","1","1","1","한국","한국","(주)소나무픽쳐스"
"760","젊은 장모님들 - 감독판","2019-08-05","5000","0.0","1","1","1","한국","한국","(주)소나무픽쳐스"
"760","스와핑: 교수와 제자들 - 감독판","2019-09-10","5000","0.0","1","1","1","한국","한국","(주)소나무픽쳐스"
"760","불륜: 내 친구의 아내","2019-08-05","5000","0.0","1","1","1","한국","한국","(주)소나무픽쳐스"
"760","나쁜 처제들","2019-09-11","5000","0.0","1","1","1","한국","한국","(주)소나무픽쳐스"
"760","아내의교환섹스","2019-07-19","5000","0.0","1","1","1","한국","한국","(주)케이피에이기획"
"760","내 여친은 20살","2019-08-30","1000","0.0","1","1","1","한국","한국","(주)씨맥스커뮤니케이션즈"
"760","몸도 주고 마음도 주고","2019-08-16","1000","0.0","1","1","1","한국","한국","(주)씨맥스커뮤니케이션즈"
"760","불륜: 친구의 아내들","2019-12-24","5000","0.0","1","1","1","한국","한국","(주)소나무픽쳐스"
"760","막내 이모 - 무삭제판","2019-11-26","1000","0.0","1","1","1","한국","한국","(주)컨텐츠 빌리지"
"760","며느리의 남자","2019-10-24","6000","0.0","1","1","1","한국","한국","(주)영화사가을"
"760","식모: 아내의 친구-비하인드","2019-12-27","1000","0.0","1","1","1","한국","한국","(주)나우콘텐츠"
"760","시월드 무삭제","2019-12-27","6000","0.0","1","1","1","한국","한국","(주)메이크아트"
"760","엄마친구들 3 무삭제","2019-11-21","6000","0.0","1","1","1","한국","한국","(주)영화사가을"
"760","젊은 엄마 친구 2 무삭제","2019-12-24","6000","0.0","1","1","1","한국","한국","(주)영화사가을"
"760","친구의젊은엄마-무삭제","2019-07-12","5000","0.0","1","1","1","한국","한국","스마일컨텐츠"
"760","관전남 - 무삭제판","2019-12-03","1000","0.0","1","1","1","한국","한국","(주)컨텐츠 빌리지"
"760","소희의은근히꼴리는사생활-무삭제","2019-07-22","5000","0.0","1","1","1","한국","한국","스마일컨텐츠"
"760","관계 : 특별한 형수","2019-09-11","6000","0.0","1","1","1","한국","한국","(주)영화사가을"
"760","사랑해요 장모님","2019-12-31","6000","0.0","1","1","1","한국","한국","(주)영화사가을"
"760","어린 처형 2 - 무삭제판","2019-11-12","1000","0.0","1","1","1","한국","한국","(주)컨텐츠 빌리지"
"760","여대생들의은밀한아르바이트-무삭제","2019-07-26","5000","0.0","1","1","1","한국","한국","에이원 미디어"
"760","약혼녀의 언니","2019-07-12","6000","0.0","1","1","1","한국","한국","(주)메이크아트"
"760","어린 누나 3 - 무삭제판","2019-07-30","1000","0.0","1","1","1","한국","한국","(주)컨텐츠 빌리지"
"760","일본식 아내 길들이기","2019-07-19","1000","0.0","1","1","1","한국","한국","유한회사 영화사 반딧불"
"760","내 엄마의 친구 2 무삭제","2019-07-25","5000","0.0","1","1","1","한국","한국","(주)소나무픽쳐스"
"760","착한엄마 무삭제: 아버지의 여자를 탐하다","2019-07-25","5000","0.0","1","1","1","한국","한국","(주)소나무픽쳐스"
"760","발기찬 처가살이 무삭제판","2019-08-27","5000","0.0","1","1","1","한국","한국","(주)가온콘텐츠"
"760","맛있는 여상사 무삭제","2019-09-04","1000","0.0","1","1","1","한국","한국","(주)씨맥스커뮤니케이션즈"
"760","여친의 속사정 무삭제","2019-08-28","1000","0.0","1","1","1","한국","한국","(주)씨맥스커뮤니케이션즈"
"760","잘주는 여비서들 무삭제","2019-08-28","1000","0.0","1","1","1","한국","한국","(주)씨맥스커뮤니케이션즈"
"760","여친의 맛 무삭제","2019-09-04","1000","0.0","1","1","1","한국","한국","(주)씨맥스커뮤니케이션즈"
"760","맛있는 섹스 그리고 여군 무삭제","2019-10-18","1000","0.0","1","1","1","한국","한국","(주)씨맥스커뮤니케이션즈"
"760","내 여친은 20살 무삭제","2019-11-15","1000","0.0","1","1","1","한국","한국","(주)씨맥스커뮤니케이션즈"
"760","몸도 주고 마음도 주고 무삭제","2019-11-01","1000","0.0","1","1","1","한국","한국","(주)씨맥스커뮤니케이션즈"
"760","공짜 키스방 무삭제","2019-10-04","1000","0.0","1","1","1","한국","한국","(주)씨맥스커뮤니케이션즈"
"760","첫경험 2 - 무삭제판","2019-11-19","1000","0.0","1","1","1","한국","한국","(주)컨텐츠 빌리지"
"760","룸싸롱 : 맛있는 서비스 2 무삭제","2019-12-24","6000","0.0","1","1","1","한국","한국","(주)영화사가을"
"760","여대생출장맛사지","2019-08-09","5000","0.0","1","1","1","한국","한국","(주)케이피에이기획"
"760","건달티처","2019-08-29","1000","0.0","1","1","1","한국","한국","(주)드림팩트엔터테인먼트"
"760","어린 이모 2 - 무삭제판","2019-12-03","1000","0.0","1","1","1","한국","한국","(주)컨텐츠 빌리지"
"760","음란한 여자들의 수다","2019-08-05","6000","0.0","1","1","1","한국","한국","(주)메이크아트"
"760","은밀한 여작가의 사생활 무삭제판","2019-09-03","5000","0.0","1","1","1","한국","한국","(주)라온컴퍼니플러스"
"760","가정부 길들이기 무삭제판","2019-09-10","5000","0.0","1","1","1","한국","한국","(주)가온콘텐츠"
"760","음란한 병원 무삭제판","2019-08-14","5000","0.0","1","1","1","한국","한국","(주)가온콘텐츠"
"760","젊은 며느리 무삭제판","2019-09-03","5000","0.0","1","1","1","한국","한국","(주)가온콘텐츠"
"760","보도드라이버: 떡마차 무삭제판","2019-09-06","6000","0.0","1","1","1","한국","한국","두리컴"
"760","친구부부와교환섹스-무삭제","2019-08-20","5000","0.0","1","1","1","한국","한국","스마일컨텐츠"
"760","사장님 한 번 더 해요","2019-10-11","1000","0.0","1","1","1","한국","한국","(주)씨맥스커뮤니케이션즈"
"760","섹스 헬스장","2019-10-25","1000","0.0","1","1","1","한국","한국","(주)씨맥스커뮤니케이션즈"
"760","클럽녀 섹스 다이어트","2019-09-13","1000","0.0","1","1","1","한국","한국","(주)씨맥스커뮤니케이션즈"
"760","5분 운동 30분 섹스","2019-09-27","1000","0.0","1","1","1","한국","한국","(주)씨맥스커뮤니케이션즈"
"760","옆집 누나 무삭제판","","1000","0.0","1","1","1","한국","한국","(주)케이알씨지"
"760","처제는, 처제와, 처제의...(무삭제판)","2019-08-26","1000","0.0","1","1","1","한국","한국","(주)나우콘텐츠"
"760","독고다이","2019-06-18","1000","0.0","1","1","1","한국","한국","(주)케이알씨지"
"760","변호인의 완전한 사육 무삭제판","2019-12-06","6000","0.0","1","1","1","한국","한국","(주)영진크리에이티브"
"760","장모의 딸 무삭제판","2019-12-06","6000","0.0","1","1","1","한국","한국","(주)영진크리에이티브"
"760","접대 전문 여비서","2019-05-31","2000","0.0","1","1","1","한국","한국","(주)레드언더미디어"
"760","사촌여동생들-무삭제","2019-05-31","5000","0.0","1","1","1","한국","한국","스마일컨텐츠"
"760","동생의여자친구-무삭제","2019-12-11","5000","0.0","1","1","1","한국","한국","스마일컨텐츠"
"760","동생의애인들","2019-12-20","5000","0.0","1","1","1","한국","한국","스마일컨텐츠"
"760","엄마학개론-무삭제","2019-06-05","5000","0.0","1","1","1","한국","한국","스마일컨텐츠"
"760","JBFF 섹션A","","6000","0.0","1","1","1","한국","한국",""
"760","JBFF 섹션 B","","5000","0.0","1","1","2","한국","한국",""
"760","JBFF 섹션 D","","6000","0.0","1","1","1","한국","한국",""
"760","JBFF 섹션 C","","5000","0.0","1","1","1","한국","한국",""
"760","어린 식모-비하인드","2019-12-27","1000","0.0","1","1","1","한국","한국","(주)나우콘텐츠"
"760","보도드라이버:떡마차 무삭제","2019-12-09","6000","0.0","1","1","1","한국","한국","두리컴"
"760","보도드라이버: 풀코스 무삭제","2019-12-09","6000","0.0","1","1","1","한국","한국","두리컴"
"760","아내의 외도 무삭제판","","1000","0.0","1","1","1","한국","한국","(주)케이알씨지"
"760","딸의 친구 4 - 무삭제판","2019-10-01","1000","0.0","1","1","1","한국","한국","(주)컨텐츠 빌리지"
"760","엄마 애인 3 - 무삭제판","2019-07-30","1000","0.0","1","1","1","한국","한국","(주)컨텐츠 빌리지"
"760","어린 엄마 3 - 무삭제판","2019-07-30","1000","0.0","1","1","1","한국","한국","(주)컨텐츠 빌리지"
"760","음란 과외 2 - 무삭제판","2019-08-28","1000","0.0","1","1","1","한국","한국","(주)컨텐츠 빌리지"
"760","어린 처제 3 - 무삭제판","2019-08-14","1000","0.0","1","1","1","한국","한국","(주)컨텐츠 빌리지"
"760","어린 여동생","2019-06-03","5000","0.0","1","1","1","한국","한국","(주)소나무픽쳐스"
"760","나의 어린 처제","2019-06-12","5000","0.0","1","1","1","한국","한국","(주)소나무픽쳐스"
"760","어린 형수와 여동생","2019-06-14","5000","0.0","1","1","1","한국","한국","(주)소나무픽쳐스"
"760","막내 형수 - 무삭제판","2019-09-10","2000","0.0","1","1","1","한국","한국","(주)컨텐츠 빌리지"
"760","맛있는 섹스 그리고 여군","2019-08-02","1000","0.0","1","1","1","한국","한국","(주)씨맥스커뮤니케이션즈"
"760","공짜 키스방","2019-07-19","1000","0.0","1","1","1","한국","한국","(주)씨맥스커뮤니케이션즈"
"760","맛있는 여상사","2019-07-05","1000","0.0","1","1","1","한국","한국","(주)씨맥스커뮤니케이션즈"
"760","착한 새누나","2019-06-14","5000","0.0","1","1","1","한국","한국","(주)소나무픽쳐스"
"760","젊은 형수와 처제","2019-12-12","5000","0.0","1","1","1","한국","한국","(주)소나무픽쳐스"
"760","스와핑 : 대학 동창들","2019-08-16","6000","0.0","1","1","1","한국","한국","(주)영화사가을"
"760","아내의 동창회 2 무삭제","2019-12-10","6000","0.0","1","1","1","한국","한국","(주)영화사가을"
"760","불륜 동창회 2 무삭제","2019-06-07","6000","0.0","1","1","1","한국","한국","(주)영화사가을"
"760","옆집누나의맛","2019-12-27","5000","0.0","1","1","1","한국","한국","에이원 미디어"
"760","친구부부와교환섹스","2019-06-21","5000","0.0","1","1","1","한국","한국","스마일컨텐츠"
"760","옆집 친구 엄마","2019-08-06","6000","0.0","1","1","1","한국","한국","(주)영화사가을"
"760","옆집 친구 엄마 무삭제","2019-10-10","6000","0.0","1","1","1","한국","한국","(주)영화사가을"
"760","친구 아내들","2019-12-23","6000","0.0","1","1","1","한국","한국","(주)영화사가을"
"760","남편 교환의 날 - 감독판","2019-06-14","5000","0.0","1","1","1","한국","한국","(주)소나무픽쳐스"
"760","정사 : 엄마친구","2019-10-10","2000","0.0","1","1","1","한국","한국","(주)영화사가을"
"760","밀회 : 동생 아내","2019-12-24","6000","0.0","1","1","1","한국","한국","(주)영화사가을"
"760","정사: 딸의 친구들","2019-12-23","5000","0.0","1","1","1","한국","한국","(주)소나무픽쳐스"
"760","스토커 1/2","2019-12-18","1000","0.0","1","1","1","한국","한국","영화사 산들바람"
"760","스토커 : 페르소나","2019-12-18","1000","0.0","1","1","1","한국","한국","영화사 산들바람"
"760","친구엄마 : 하고 싶은 날","2019-08-23","6000","0.0","1","1","1","한국","한국","(주)영화사가을"
"760","스와핑 : 대학 동창들 무삭제","2019-11-29","6000","0.0","1","1","1","한국","한국","(주)영화사가을"
"760","착한 여친 엄마","2019-08-23","6000","0.0","1","1","1","한국","한국","(주)영화사가을"
"760","이웃집 아내 무삭제판","2019-07-30","1000","0.0","1","1","1","한국","한국","(주)가온콘텐츠"
"760","조건엄마 슈가맘 무삭제판","2019-08-06","1000","0.0","1","1","1","한국","한국","(주)가온콘텐츠"
"760","내 아내의 친구들","2019-07-01","5000","0.0","1","1","1","한국","한국","(주)소나무픽쳐스"
"760","착한 제수씨","2019-07-01","5000","0.0","1","1","1","한국","한국","(주)소나무픽쳐스"
"760","착한 형수 : 참을 수 없는 날","2019-08-23","6000","0.0","1","1","1","한국","한국","(주)영화사가을"
"760","내 아내는 왜! 바람이 났을까?","2019-12-20","1000","0.0","1","1","1","한국","한국","솔앤드 주식회사"
"760","우리도련님 무삭제","2019-06-25","5000","0.0","1","1","1","한국","한국","(주)영화사히트"
"760","접대 전문 여비서 무삭제","2019-08-13","2000","0.0","1","1","1","한국","한국","(주)레드언더미디어"
"760","젊은 새엄마들 무삭제","2019-10-15","6000","0.0","1","1","1","한국","한국","(주)영화사가을"
"760","젊은 새엄마들","2019-08-16","6000","0.0","1","1","1","한국","한국","(주)영화사가을"
"760","착한형수의사정","2019-01-11","5000","0.0","1","1","1","한국","한국","스마일컨텐츠"
"760","동갑내기 엄마-무삭제","2019-01-18","5000","0.0","1","1","1","한국","한국","스마일컨텐츠"
"760","아내가 그놈에게 당했다","2019-12-26","6000","0.0","1","1","1","한국","한국","(주)영화사가을"
"760","매력적인 장모님들","2019-01-04","5000","0.0","1","1","1","한국","한국","(주)소나무픽쳐스"
"760","개인교수 : 여친 만족 시키기 무삭제","2019-05-30","6000","0.0","1","1","1","한국","한국","(주)영화사가을"
"760","정사 : 아내의 친구 2","2019-08-27","6000","0.0","1","1","1","한국","한국","(주)영화사가을"
"760","엄마의 정사 무삭제","2019-05-28","6000","0.0","1","1","1","한국","한국","(주)영화사가을"
"760","젊은 형수 2 무삭제","2019-05-28","6000","0.0","1","1","1","한국","한국","(주)영화사가을"
"760","새아빠 무삭제","2019-05-30","6000","0.0","1","1","1","한국","한국","(주)영화사가을"
"760","처제와의 정사 무삭제","2019-05-28","6000","0.0","1","1","1","한국","한국","(주)영화사가을"
"760","친구엄마 : 은밀한 정사 무삭제","2019-05-30","6000","0.0","1","1","1","한국","한국","(주)영화사가을"
"760","새엄마 3 무삭제판","2019-06-14","6000","0.0","1","1","1","한국","한국","(주)영화사가을"
"760","밀애 : 착한 처제","2019-07-10","6000","0.0","1","1","1","한국","한국","(주)영화사가을"
"760","밀애 : 착한 처제 무삭제","2019-09-10","6000","0.0","1","1","1","한국","한국","(주)영화사가을"
"760","관계 : 형수와 딸","2019-04-02","6000","0.0","1","1","1","한국","한국","(주)영화사가을"
"760","관계 : 형수와 딸 무삭제","2019-06-25","6000","0.0","1","1","1","한국","한국","(주)영화사가을"
"760","학생의 엄마 : 첫 섹스 하던 날 2","2019-04-02","6000","0.0","1","1","1","한국","한국","(주)영화사가을"
"760","학생의 엄마 : 첫 섹스 하던 날 2 무삭제","2019-07-16","6000","0.0","1","1","1","한국","한국","(주)영화사가을"
"760","친구엄마 : 참을 수 없는 날 2","2019-07-30","6000","0.0","1","1","1","한국","한국","(주)영화사가을"
"760","친구엄마 : 참을 수 없는 날 2 무삭제","2019-09-26","6000","0.0","1","1","1","한국","한국","(주)영화사가을"
"760","밀애 : 친구엄마 2 무삭제","2019-12-10","6000","0.0","1","1","1","한국","한국","(주)영화사가을"
"760","밀애 : 친구의 아내 무삭제","2019-05-24","6000","0.0","1","1","1","한국","한국","(주)영화사가을"
"760","어린 여동생-감독판","2019-11-05","5000","0.0","1","1","1","한국","한국","(주)소나무픽쳐스"
"760","출장 마사지 : 특별한 서비스","2019-08-09","6000","0.0","1","1","1","한국","한국","(주)영화사가을"
"760","출장 마사지 : 특별한 서비스 무삭제","2019-11-29","6000","0.0","1","1","1","한국","한국","(주)영화사가을"
"760","내 사촌 누나 무삭제","2019-08-14","2000","0.0","1","1","1","한국","한국","(주)씨맥스커뮤니케이션즈"
"760","착한 사촌 여동생","2019-05-03","2000","0.0","1","1","1","한국","한국","(주)씨맥스커뮤니케이션즈"
"760","착한 친구 누나 무삭제","2019-11-22","6000","0.0","1","1","1","한국","한국","(주)영화사가을"
"760","내 사촌 누나","2019-04-19","1000","0.0","1","1","1","한국","한국","(주)씨맥스커뮤니케이션즈"
"760","착한 사촌 여동생 무삭제","2019-08-21","1000","0.0","1","1","1","한국","한국","(주)씨맥스커뮤니케이션즈"
"760","어쩌다 옥탑방","2019-04-17","1000","0.0","1","1","1","한국","한국","고구마콘텐츠허브(주)"
"760","사촌여동생들","2019-04-22","5000","0.0","1","1","1","한국","한국","스마일컨텐츠"
"760","남편 교환의 날","2019-04-17","5000","0.0","1","1","1","한국","한국","(주)소나무픽쳐스"
"760","스와핑: 교수와 제자들","2019-04-17","5000","0.0","1","1","1","한국","한국","(주)소나무픽쳐스"
"760","젊은 장모님들","2019-05-03","5000","0.0","1","1","1","한국","한국","(주)소나무픽쳐스"
"760","스와핑 : 친구부부의 쾌락 3","2019-07-26","6000","0.0","1","1","1","한국","한국","(주)영화사가을"
"760","스와핑 : 친구부부의 쾌락 3 무삭제","2019-11-22","6000","0.0","1","1","1","한국","한국","(주)영화사가을"
"760","착한 친구 누나","2019-08-02","6000","0.0","1","1","1","한국","한국","(주)영화사가을"
"760","채팅앱-누나의맛","2019-11-22","5000","0.0","1","1","1","한국","한국","에이원 미디어"
"760","불량탐정 : 미씽","2019-11-13","2000","0.0","1","1","1","한국","한국","(주)더쿱와이드"
"760","맛있는엄마들-무삭제","2019-11-21","5000","0.0","1","1","1","한국","한국","스마일컨텐츠"
"760","깡패들","2019-09-02","6000","0.0","1","1","1","한국","한국","(주)영화사 사계절"
"760","젊은친구엄마- 무삭제","2019-11-29","5000","0.0","1","1","1","한국","한국","스마일컨텐츠"
"760","친구의젊은엄마","2019-05-03","5000","0.0","1","1","1","한국","한국","스마일컨텐츠"
"760","착한 장모와 젊은 사위","2019-12-05","5000","0.0","1","1","1","한국","한국","(주)소나무픽쳐스"
"760","장모의유혹-무삭제","2019-05-10","5000","0.0","1","1","1","한국","한국","스마일컨텐츠"
"760","엄마 애인 2 - 무삭제판","2019-05-14","2000","0.0","1","1","1","한국","한국","(주)컨텐츠 빌리지"
"760","동생의 여자들","2019-05-03","5000","0.0","1","1","1","한국","한국","(주)소나무픽쳐스"
"760","예쁜 며느리","2019-05-03","5000","0.0","1","1","1","한국","한국","(주)소나무픽쳐스"
"760","여선생2 무삭제","2019-05-23","5000","0.0","1","1","1","한국","한국","(주)영화사히트"
"760","어린 엄마 2 - 무삭제판","2019-05-21","2000","0.0","1","1","1","한국","한국","(주)컨텐츠 빌리지"
"760","잘주는 누나들","2019-05-17","5000","0.0","1","1","1","한국","한국","(주)케이피에이기획"
"760","어린 친구 엄마","2019-11-27","5000","0.0","1","1","1","한국","한국","(주)소나무픽쳐스"
"760","깡패들 무삭제","2019-12-13","6000","0.0","1","1","1","한국","한국","(주)영화사가을"
"760","새엄마 2019 무삭제","2019-12-09","5000","0.0","1","1","1","한국","한국","(주)소나무픽쳐스"
"760","동생의 젊은 아내","2019-12-12","5000","0.0","1","1","1","한국","한국","(주)소나무픽쳐스"
"760","선배부부와교환섹스","2019-12-13","5000","0.0","1","1","1","한국","한국","스마일컨텐츠"
"760","잘주는 여비서들","2019-05-24","2000","0.0","1","1","1","한국","한국","(주)씨맥스커뮤니케이션즈"
"760","여친의 속사정","2019-06-07","1000","0.0","1","1","1","한국","한국","(주)씨맥스커뮤니케이션즈"
"760","여친의 맛","2019-06-21","1000","0.0","1","1","1","한국","한국","(주)씨맥스커뮤니케이션즈"
"760","소희의은근히꼴리는사생활","2019-05-24","5000","0.0","1","1","1","한국","한국","스마일컨텐츠"
"760","바람불어 좋은 날","1980-11-27","7000","0.0","1","1","1","한국","한국",""
"760","축제","1996-06-06","7000","0.0","1","1","1","한국","한국",""
"760","그때 그 사람들","2005-02-03","5000","0.0","1","1","2","한국","한국","(주)엠케이픽처스"
"760","아버지 없는 삶","","9000","0.0","1","1","1","한국","한국",""
"760","어린 형수","2016-09-23","2000","0.0","1","1","1","한국","한국","핵존슨"
"760","친구아빠 2 무삭제","2019-07-02","6000","0.0","1","1","1","한국","한국","(주)영화사가을"
"760","친구아빠 2","2019-04-02","6000","0.0","1","1","1","한국","한국","(주)영화사가을"
"760","친구누나 일본판 2","2019-07-23","6000","0.0","1","1","1","한국","한국","(주)영화사가을"
"760","친구누나 일본판 2 무삭제","2019-09-26","6000","0.0","1","1","1","한국","한국","(주)영화사가을"
"760","시아버지와 두 며느리 2","2019-07-17","6000","0.0","1","1","1","한국","한국","(주)영화사가을"
"760","시아버지와 두 며느리 2 무삭제","2019-09-10","6000","0.0","1","1","1","한국","한국","(주)영화사가을"
"760","거짓말 : 여자 모델의 섹스 무삭제","2019-09-19","6000","0.0","1","1","1","한국","한국","(주)영화사가을"
"760","밀애 : 착한 형수 무삭제","2019-03-11","6000","0.0","1","1","1","한국","한국","(주)영화사가을"
"760","아내의 맛 무삭제판","2019-04-22","6000","0.0","1","1","1","한국","한국","(주)영화사가을"
"760","나쁜 처제 무삭제","2019-11-28","6000","0.0","1","1","1","한국","한국","(주)영화사가을"
"760","내 여자친구의 엄마 무삭제","2019-05-09","6000","0.0","1","1","1","한국","한국","(주)영화사가을"
"760","오르가즘 레스토랑 무삭제판","2019-01-31","2000","0.0","1","1","1","한국","한국","(주)씨맥스커뮤니케이션즈"
"760","섹스는 맛있다 무삭제판","2019-02-07","2000","0.0","1","1","1","한국","한국","(주)씨맥스커뮤니케이션즈"
"760","내 아내의 엄마 무삭제","2019-09-11","6000","0.0","1","1","1","한국","한국","(주)영화사가을"
"760","아내의 엄마 2","2019-01-25","6000","0.0","1","1","1","한국","한국","(주)영화사가을"
"760","여자 하숙집 3 무삭제","2019-12-12","6000","0.0","1","1","1","한국","한국","(주)영화사가을"
"760","섹스하기 좋은 날","2019-03-15","6000","0.0","1","1","1","한국","한국","(주)영화사가을"
"760","정사 2019","2019-12-26","6000","0.0","1","1","1","한국","한국","(주)영화사가을"
"760","착한 친구아내 무삭제","2019-05-24","6000","0.0","1","1","1","한국","한국","(주)영화사가을"
"760","은밀한 관계","2019-07-26","6000","0.0","1","1","1","한국","한국","(주)영화사가을"
"760","정사 : 착한 며느리들 2 무삭제","2019-03-13","6000","0.0","1","1","1","한국","한국","(주)영화사가을"
"760","여직원들 : 직장 연애사 2 무삭제","2019-06-18","6000","0.0","1","1","1","한국","한국","(주)영화사가을"
"760","어린 누나-무삭제판","2018-06-26","2000","0.0","1","1","1","한국","한국","(주)컨텐츠 빌리지"
"760","불륜 며느리 무삭제","2019-12-12","6000","0.0","1","1","1","한국","한국","(주)영화사가을"
"760","밀애 2019","2019-06-07","6000","0.0","1","1","1","한국","한국","(주)영화사가을"
"760","친구엄마 그리고 정사-감독판","","1000","0.0","1","1","1","한국","한국",""
"760","내여자의 정사-무삭제판","","1000","0.0","1","1","1","한국","한국",""
"760","어린 새엄마-감독판","2019-02-14","1000","0.0","1","1","1","한국","한국","(주)케이알씨지"
"760","젊은 누나-무삭제판","2019-02-27","1000","0.0","1","1","1","한국","한국","(주)케이알씨지"
"760","중독: 관음증-무삭제판","2019-02-20","1000","0.0","1","1","1","한국","한국","(주)케이알씨지"
"760","폰섹스의 덫- 무삭제판","","1000","0.0","1","1","1","한국","한국",""
"760","내 동생의 아내 무삭제","2019-06-14","6000","0.0","1","1","1","한국","한국","(주)영화사가을"
"760","친절한 며느리","2019-06-27","6000","0.0","1","1","1","한국","한국","(주)영화사가을"
"760","누나 친구 3 무삭제","2019-09-11","6000","0.0","1","1","1","한국","한국","(주)영화사가을"
"760","룸싸롱 여대생들 2 무삭제","2019-12-10","6000","0.0","1","1","1","한국","한국","(주)영화사가을"
"760","아빠친구2-무삭제판","2019-01-04","5000","0.0","1","1","1","한국","한국","스마일컨텐츠"
"1082","경쟁 5 - 2019 전북독립영화제","","0","0.0","0","1","1","한국","한국",""
"1082","2019 전북독립영화제 폐막식 + 폐막작","","0","0.0","0","1","1","한국","한국",""
"1082","청춘불패 단편영화특별전 섹션1-성장일기","","0","0.0","0","1","2","한국","한국",""
"1082","청춘불패 단편영화특별전 섹션4-여느가족","","0","0.0","0","1","2","한국","한국",""
"1082","청춘불패 단편영화특별전 섹션5-허스토리","","0","0.0","0","1","2","한국","한국",""
"1082","청춘불패 단편영화특별전 섹션2-애정전선","","0","0.0","0","1","2","한국","한국",""
"1082","청춘불패 단편영화특별전 섹션3-유잼무죄","","0","0.0","0","1","2","한국","한국",""
"1082","청춘불패 단편영화특별전 섹션6-소름주의","","0","0.0","0","1","2","한국","한국",""
"1082","청춘불패 단편영화특별전 구교환x이옥섭 감독 단편 특별상영","","0","0.0","0","1","1","한국","한국",""
"1082","섹션1.설이-단편모음(책과 영화의 만남)","","0","0.0","0","1","1","한국","한국",""
"1082","섹션2.산책을 듣는 시간-단편모음(책과 영화의 만남)","","0","0.0","0","1","1","한국","한국",""
"1082","섹션4.누구에게나 친절한 교회오빠 강민호-단편모음(책과 영화의 만남)","","0","0.0","0","1","1","한국","한국",""
"1082","인디서울 2019-오재형 감독 단편선","","0","0.0","0","1","1","한국","한국",""
"1082","12월단단한영화展","","0","0.0","0","1","1","한국","한국",""
"1082","Diff 2019 특별섹션2","","0","0.0","0","1","1","한국","한국",""
"1082","Diff 2019 특별섹션3","","0","0.0","0","1","1","한국","한국",""
"1082","보통의 삶 -70","","0","0.0","0","1","1","한국","한국",""
"1082","숨을 내쉬며","","0","0.0","0","1","1","한국","한국,미국",""
"1082","2019 제2회 대한민국패럴스마트폰영화제 섹션A","","0","0.0","0","1","3","한국","한국",""
"1082","시민참여섹션 2 - 2019 FALLing in JEONJU","","0","0.0","0","1","1","한국","한국",""
"1082","2019 제2회 대한민국패럴스마트폰영화제 섹션B","","0","0.0","0","1","3","한국","한국",""
"1082","2019 제2회 대한민국패럴스마트폰영화제 섹션C","","0","0.0","0","1","2","한국","한국",""
"1082","2019 제2회 대한민국패럴스마트폰영화제 섹션D","","0","0.0","0","1","3","한국","한국",""
"1082","노프라블랜드","","0","0.0","0","1","1","한국","한국","목영이엔엠"
"1082","부역자들 2 : 개. 돼. 쥐들의 세상","","0","0.0","0","1","3","한국","한국",""
"1082","부역자들 3 : THE CONTROL","","0","0.0","0","1","3","한국","한국",""
"1082","위대한 기적의 시작","","0","0.0","0","1","1","한국","한국",""
"1082","[MWFF2019] 스윗 골든 키위+세컨드홈+령희","","0","0.0","0","1","1","한국","한국",""
"1082","[MWFF2019] 바네사+편지","","0","0.0","0","1","1","한국","한국",""
"1082","[MWFF2019] 은서+혜나, 라힐맘","","0","0.0","0","1","1","한국","한국",""
"1082","섹션1.한국단편(언니네영화관&다다름필름파티)","","0","0.0","0","1","1","한국","한국",""
"1082","10회 대구사회복지영화제 단편극 1","","0","0.0","0","1","2","한국","한국",""
"1082","10회 대구사회복지영화제 단편극 2","","0","0.0","0","1","2","한국","한국",""
"1082","10회 대구사회복지영화제 단편극 3","","0","0.0","0","1","2","한국","한국",""
"1082","10회 대구사회복지영화제 단편다큐","","0","0.0","0","1","2","한국","한국",""
"1082","10회 대구사회복지영화제 페루자 +산책가","","0","0.0","0","1","2","한국","한국",""
"1082","춘몽","","0","0.0","0","1","1","한국","한국",""
"1082","안개","","0","0.0","0","1","2","한국","한국",""
"1082","월하의 공동묘지","","0","0.0","0","1","2","한국","한국",""
"1082","무숙자","","0","0.0","0","1","2","한국","한국",""
"1082","30년만의 대결","1971-02-27","0","0.0","0","1","2","한국","한국",""
"1082","죽음의 다섯 손가락","1972-12-02","0","0.0","0","1","2","한국","한국",""
"1082","홍의 장군","1973-10-13","0","0.0","0","1","1","한국","한국",""
"1082","도시로 간 처녀","1981-12-03","0","0.0","0","1","1","한국","한국",""
"1082","짝코","1983-10-23","0","0.0","0","1","2","한국","한국",""
"1082","불의 딸","1983-11-05","0","0.0","0","1","2","한국","한국",""
"1082","중광의 허튼소리","1986-10-09","0","0.0","0","1","1","한국","한국","화풍흥업"
"1082","서울 황제","","0","0.0","0","1","1","한국","한국",""
"1082","개벽","1991-09-21","0","0.0","0","1","2","한국","한국",""
"1082","경마장 가는 길","1991-12-21","0","0.0","0","1","1","한국","한국",""
"1082","사의 찬미","1991-09-21","0","0.0","0","1","2","한국","한국",""
"1082","하얀전쟁","1992-07-04","0","0.0","0","1","2","한국","한국",""
"1082","결혼이야기","1992-07-04","0","0.0","0","1","2","한국","한국",""
"1082","우리들의 일그러진 영웅","1992-08-15","0","0.0","0","1","2","한국","한국",""
"1082","웨스턴 애비뉴","1993-04-03","0","0.0","0","1","2","한국","한국",""
"1082","아름다운 청년 전태일","1995-11-18","0","0.0","0","1","2","한국","한국",""
"1082","꽃잎","1996-04-05","0","0.0","0","1","1","한국","한국",""
"1082","돼지가 우물에 빠진 날","1996-05-15","0","0.0","0","1","1","한국","한국",""
"1082","넘버 3","1997-08-02","0","0.0","0","1","2","한국","한국","(주)시네마서비스"
"1082","나쁜 영화","1997-08-02","0","0.0","0","1","3","한국","한국","대우시네마"
"1082","미술관 옆 동물원","1998-12-19","0","0.0","0","1","2","한국","한국","(주)씨제이이엔엠"
"1082","태양은 없다","1999-01-01","0","0.0","0","1","2","한국","한국","(주)싸이더스"
"1082","생과부 위자료 청구소송","1998-08-01","0","0.0","0","1","2","한국","한국","(주)시네마서비스"
"1082","조용한 가족","1998-04-25","0","0.0","0","1","3","한국","한국",""
"1082","여고괴담","1998-05-30","0","0.0","0","1","2","한국","한국",""
"1082","강원도의 힘","1998-04-04","0","0.0","0","1","1","한국","한국",""
"1082","텔미썸딩","1999-11-13","0","0.0","0","1","2","한국","한국","(주)시네마서비스"
"1082","주유소 습격사건","1999-10-02","0","0.0","0","1","1","한국","한국","(주)시네마서비스"
"1082","인정사정 볼 것 없다","1999-07-31","0","0.0","0","1","2","한국","한국","(주)씨제이이엔엠,(주)시네마서비스"
"1082","내 마음의 풍금","1999-03-27","0","0.0","0","1","2","한국","한국",""
"1082","팬지와 담쟁이","","0","0.0","0","1","1","한국","한국",""
"1082","애국자 게임","","0","0.0","0","1","2","한국","한국",""
"1082","우리들은 정의파다","","0","0.0","0","1","1","한국","한국",""
"1082","192-399: 더불어 사는 집 이야기","","0","0.0","0","1","1","한국","한국",""
"1082","기쁜 우리 젊은 날","1987-05-02","0","0.0","0","1","2","한국","한국",""
"1082","이어도","","0","0.0","0","1","2","한국","한국",""
"1082","길소뜸","1986-04-05","0","0.0","0","1","2","한국","한국",""
"1082","불꽃처럼 나비처럼","2009-09-24","0","0.0","0","1","1","한국","한국","(주)쇼박스"
"1082","구르믈 버서난 달처럼","2010-04-28","0","0.0","0","1","1","한국","한국","에스케이텔레콤(주)"
"1082","지옥화","1958-04-20","0","0.0","0","1","3","한국","한국",""
"1082","최종병기 활","2011-08-10","0","0.0","0","1","1","한국","한국","롯데쇼핑㈜롯데엔터테인먼트"
"1082","퍼스트 댄스","","0","0.0","0","1","1","한국","한국",""
"1082","12번째 보조사제","","0","0.0","0","1","1","한국","한국",""
"1082","덕혜옹주","2016-08-03","0","0.0","0","1","2","한국","한국","롯데쇼핑㈜롯데엔터테인먼트"
"1082","레드마리아2","","0","0.0","0","1","1","한국","한국",""
"1082","아파트 생태계","","0","0.0","0","1","2","한국","한국",""
"1082","벼꽃","","0","0.0","0","1","2","한국","한국",""
"1082","플레이온","","0","0.0","0","1","2","한국","한국",""
"1082","홀로그램 유니버스","","0","0.0","0","1","1","한국","한국",""
"1082","친구들 : 숨어있는 슬픔","","0","0.0","0","1","2","한국","한국",""
"1082","컨테이너","","0","0.0","0","1","2","한국","한국",""
"1082","굿 비즈니스","","0","0.0","0","1","1","한국","한국",""
"1082","제주노트","","0","0.0","0","1","2","한국","한국",""
"1082","아리랑시네센터 정기상영회 '언니네영화관'","","0","0.0","0","1","1","한국","한국",""
"1082","경쟁 2 - 2019 전북독립영화제","","0","0.0","0","1","1","한국","한국",""
"1082","경쟁 6 - 2019 전북독립영화제","","0","0.0","0","1","1","한국","한국",""
"1082","개막작 - 2019 전북독립영화제","","0","0.0","0","1","1","한국","한국",""
"1082","경쟁 1 - 2019 전북독립영화제","","0","0.0","0","1","1","한국","한국",""
"1082","경쟁 3 - 2019 전북독립영화제","","0","0.0","0","1","1","한국","한국",""
"1082","경쟁 4 - 2019 전북독립영화제","","0","0.0","0","1","1","한국","한국",""
"합계","","","948106225431","","112718643","68623","3274571","","",""
